id_drug,drug_name,id_company
1,methylphenidate hydrochloride,753
2,Flurazepam Hydrochloride,139
3,"Octinoxate, Octisalate, Oxybenzone, Avobenzone, Octocrylene",663
4,Red Maple,194
5,Misoprostol,404
6,Alcohol,393
7,Lovastatin,500
8,Triclocarban,159
9,rizatriptan benzoate,642
10,Iris Versicolor Root and Bryonia Alba Root,279
11,"diphenhydramine citrate, ibuprofen",325
12,Cerussite 8,261
13,levocarnitine,332
14,PYRITHIONE ZINC,516
15,NIFEDIPINE,475
16,NITROGEN,230
17,"TITANIUM DIOXIDE, ZINC OXIDE",208
18,Oat Wild Pollen,430
19,Sisal,14
20,".Alpha.-Tocopherol Acetate, DL-, Ascorbic Acid, Cholecalciferol, Cyanocobalamin, Folic Acid, Ferrous fumarate, Calcium Phosphate, Dibasic, Anhydrous, Niacinamide, Pyridoxine Hydrochloride, Riboflavin, Thiamine Mononitrate, and Vitamin A Acetate",435
21,"Avobenzone, Octisalate, Zinc Oxide, Octinoxate, and Oxybenzone",363
22,Acetaminophen,456
23,"Chlorphedianol Hydrochloride, Chlorcyclizine Hydrochloride",677
24,Levothyroxine Sodium,156
25,PredniSONE,74
26,"Echinacea, Hydrastis Canadensis, Nasturtium Aquaticum, Phytolacca Decandra, Apis Mellifica, Belladonna",136
27,"norethindrone acetate and ethinyl estradiol, and ferrous fumarate",380
28,Cephalexin,144
29,OCTINOXATE,320
30,felodipine,133
31,Bupropion Hydrochloride,654
32,hydrocortisone,276
33,Quetiapine fumarate,241
34,"Echinacea, Hydrastis canadensis, Allium cepa, Ambrosia artemesiaefolia, Arsenicum album, Kali bichromicum, Nux moschata, Pulsatilla, Sepia, Solidago virgaurea,",687
35,Carbamazepine,280
36,PROPRANOLOL HYDROCHLORIDE,400
37,Aluminum Zirconium Tetrachlorohydrex Gly,531
38,Moexipril Hydrochloride,338
39,OCTINOXATE,196
40,Sertraline Hydrochloride,663
41,Antipyrine and Benzocaine,571
42,lidocaine HCl,129
43,Titanium dioxide,111
44,Calcitriol,337
45,TOPIRAMATE,45
46,Alendronate Sodium,284
47,Kidney Bean,499
48,Glipizide,114
49,TRICLOSAN,315
50,ciclopirox,50
51,SODIUM MONOFLUOROPHOSPHATE,283
52,Desipramine Hydrochloride,180
53,Treatment Set TS330533,374
54,Sodium Fluoride,724
55,Estradiol,638
56,Enoxaparin sodium,122
57,prochlorperazine maleate,774
58,Lithium Carbonate,554
59,Mometasone Furoate,429
60,digoxin,138
61,Bromfenac,60
62,ZINC OXIDE,225
63,Cocklebur Xanthium strumarium,609
64,CAMPHOR (SYNTHETIC),227
65,Benzoyl Peroxide,537
66,"OCTINOXATE, ZINC OXIDE, OCTISALATE, TITANIUM DIOXIDE",29
67,Bambusa Argentum,237
68,oxybutynin chloride,344
69,Adenosine,700
70,Tolterodine Tartrate,751
71,Sennosides,488
72,Topiramate,672
73,Nitrogen,724
74,Treatment Set TS329240,274
75,witch hazel,366
76,Isopropyl alcohol,635
77,"Titanium Dioxide, Octinoxate",673
78,Ceftriaxone Sodium,609
79,Nitroglycerin,437
80,Nitrogen,547
81,methyldopa,500
82,Sodium Fluoride,511
83,amcinonide,156
84,"AVOBENZONE, HOMOSALATE, OCTOCRYLENE",298
85,"TITANIUM DIOXIDE, OCTINOXATE",465
86,ANISE ANGELICA ARCHANGELICA ROOT BLACK PEPPER PRUNUS SPINOSA BUDDING TOP CALENDULA OFFICINALIS FLOWERING TOP CARAWAY SEED MATRICARIA RECUTITA GINGER EQUISETUM ARVENSE TOP JUNIPERUS COMMUNIS FRUIT ORIG,707
87,Oxycodone,573
88,DIMETHICONE,523
89,Diphenhydramine HCl,228
90,Avobenzone and Octinoxate,176
91,"Boldo, Carduus Marianus, Curcuma Longa, Echinacea, Taraxacum Officinale, Magnesia Phosphorica, Gallbladder",525
92,Birch River Red,458
93,Phenylephrine HCl,327
94,Aspirin,619
95,"dextromethorphan hydrobromide, guaifenesin, phenylephrine hydrochloride",215
96,sumatriptan succinate,444
97,CHLOROXYLENOL,614
98,Brazil Nut Bertholletia excelsa,497
99,Cetirizine HCl,403
100,GALANTAMINE HYDROBROMIDE,621
101,Duck Feathers,504
102,"Avobenzone, Homosalate, Octisalate, Octocrylene, and Oxybenzone",557
103,HYOSCYAMINE SULFATE,308
104,Ibuprofen and Pseudoephedrine Hydrochloride,401
105,Rizatriptan Benzoate,298
106,Candesartan cilexetil,729
107,sitagliptin and metformin hydrochloride,699
108,Clomiphene Citrate,792
109,Titanium dioxide,106
110,"Uricum acidum, Benzoicum acidum, Berber. vulg., Bryonia, Cantharis, Carduus benedictus, Ceanothus, Chelidonium majus, Chionanthus virginica, Cinchona, Dioscorea, Dolichos, Iris versicolor, Juniperus com., Nux vom., Ptelea, Taraxacum, Carduus mar., Cynara scolymus, Solidago",349
111,Dextrose and Sodium Chloride,693
112,baclofen,164
113,Nabumentone,718
114,Hamamelis virginiana L,272
115,Fluoride,46
116,Minocycline Hydrochloride,171
117,Sodium Fluoride,99
118,IFOSFAMIDE,171
119,OCTINOXATE and TITANIUM DIOXIDE,484
120,Hydroxyzine Pamoate,563
121,Trimethoprim,253
122,levofloxacin,124
123,propranolol hydrochloride,76
124,OCTINOXATE and TITANIUM DIOXIDE,643
125,Box Elder,26
126,Mineral Oil,427
127,Lisinopril,558
128,carbidopa and levodopa,278
129,Menthol,607
130,Miconazole nitrate,102
131,Octinoxate and Oxybenzone,2
132,Estradiol,192
133,"Aconitum Napellus, Bryonia Alba, Hypericum Perforatum",689
134,nebivolol hydrochloride,558
135,Dimenhydrinate,315
136,TITANIUM DIOXIDE,289
137,ciprofloxacin hydrochloride,628
138,Lorazepam,345
139,enoxaparin sodium,153
140,BENZOCAINE,799
141,Colchicine,111
142,"phenylephrine hcl, brompheniramine maleate",174
143,Etodolac,294
144,Oxygen,336
145,Sotalol Hydrochloride,142
146,NICOTINE,747
147,OTC TOPICAL ANALGESIC DRUG PRODUCTS,491
148,Flurazepam Hydrochloride,484
149,Botrytis cinerea,173
150,follitropin alfa,406
151,Hydrocodone Bitartrate And Acetaminophen,625
152,Sodium Chloride,22
153,Magesium Citrate,586
154,Nicotine Polacrilex,247
155,alcohol,11
156,Isopropyl alcohol,384
157,Red (River) Birch,618
158,"Fentanyl Citrate, Bupivacaine HCl",741
159,"Ammonium carbonicum, Apis mellifica, Chamomilla, Rhus toxicodendron, Urtica urens",62
160,Acetaminophen,536
161,Oregon Ash,352
162,"Acetaminophen, Aspirin, and Caffeine",1
163,Miconazole Nitrate,153
164,"Famotidine, Calcium Carbonate, Magnesium Hydroxide",327
165,Lactulose,40
166,medroxyprogesterone acetate,275
167,Sulfamethoxazole and Trimethoprim,306
168,Citalopram Hydrobromide,494
169,Melaleuca Pollen,476
170,Fluoride,482
171,"Acetaminophen, Dextromethorphan HBr, Doxylamine succinate",164
172,Chlorpromazine Hydrochloride,425
173,Isopropyl Alcohol,72
174,Octinoxate,269
175,benzoyl peroxide,748
176,Aluminum Zirconium Tetrachlorohydrex GLY,381
177,ALUMINUM ZIRCONIUM TETRACHLOROHYDREX GLY,432
178,Hydrocortisone Acetate and Pramoxine Hydrochloride,437
179,Hydrogen Peroxide,455
180,methylphenidate hydrochloride,696
181,BENZOCAINE,665
182,Antiseptic handwash,384
183,"Achyrocline satureioides, Arctostaphylos uva-ursi, Cassia occidentalis, Mirailis jalapa, Petiveria alliacea, Physalis angulata, Schinus molle,",86
184,Acetaminophen,471
185,Gemfibrozil,143
186,Voriconazole,157
187,Aliskiren Hemifumarate and Amlodipine Besylate and Hydrochlorothiazide,346
188,FINASTERIDE,579
189,Aluminum Zirconium Tetrachlorohydrex GLY,405
190,OCTINOXATE and OXYBENZONE,687
191,Titanium dioxide,191
192,DIPHENHYDRAMINE HYDROCHLORIDE,216
193,fentanyl transdermal system,620
194,DIGOXIN,33
195,TITANIUM DIOXIDE,91
196,warfarin sodium,188
197,Brome Grass,497
198,OCTINOXATE and ZINC OXIDE,557
199,ibuprofen,672
200,MATRICARIA RECUTITA,351
201,Pravastatin Sodium,354
202,"TITANIUM DIOXIDE, OCTINOXATE",399
203,Treatment Set TS334128,664
204,Triclosan,256
205,Acetaminophen and Diphenhydramine HCl,493
206,"Triamcinolone Acetonide, Lidocaine Hydrochloride, Bupivacaine Hydrochloride, Povidine Iodine",506
207,Enalapril Maleate,352
208,"Aluminum Hydroxide, Magnesium Hydroxide, Simethicone",45
209,Naphazoline Hydrochloride and Hypromellose,406
210,Pinus strobus,613
211,Metoprolol Tartrate and Hydrochlorothiazide,754
212,Menthol and Camphor and Methyl Salicylate,492
213,"DEXTROSE MONOHYDRATE, SODIUM CHLORIDE, and POTASSIUM CHLORIDE",236
214,Guaifenesin,332
215,HYDROQUINONE,371
216,Ranitidine,370
217,Glycerin,537
218,Sennosides,418
219,Hydrocodone Bitartrate and Ibuprofen,731
220,Sodium Fluoride,254
221,Lithium Carbonate,362
222,Oxygen,763
223,"Titanium Dioxide, Octinoxate",404
224,"OCTINOXATE, TITANIUM DIOXIDE",767
225,AMLODIPINE BESYLATE,113
226,"Polyethylene Glycol 3350, Sodium Sulfate Anhydrous, Sodium Bicarbonate, Sodium Chloride, Potassium Chloride",652
227,CYCLOBENZAPRINE HYDROCHLORIDE,392
228,Pullularia pullulans,10
229,Eptifibatide,679
230,TRICLOSAN,450
231,Methylene Blue,205
232,CLUBMOSS,530
233,"Famotidine, Calcium Carbonate, Magnesium Hydroxide",621
234,PROMETHAZINE HYDROCHLORIDE,753
235,calcium carbonate,141
236,Olanzapine,529
237,Benzalkonium chloride,227
238,Warfarin Sodium,758
239,OCTINOXATE and TITANIUM DIOXIDE,274
240,Salicylic Acid,471
241,"ACETAMINOPHEN, DEXTROMETHORPHAN HYDROBROMIDE, GUAIFENESIN, and PHENYLEPHRINE HYDROCHLORIDE",600
242,Fibrinogen Human Thrombin Human,666
243,Benzalkonium Chloride,561
244,"Angelica archangelica, Aralia quinquefolia, Cimicifuga racemosa, Hydrastis canadensis, Pulsatilla, Sabina, Sepia, Sulphuricum acidum, Lachesis mutus,",531
245,Labetalol hydrochloride,723
246,Nitrogen,45
247,PREGABALIN,462
248,"Aconite, Belladonna, Chamomilla, Ferrum Phosphorica, Hepar Sulph, Plantago, Pulsatilla",306
249,Amlobenz,78
250,"Echinacea, Petroselinum Sativum, Solidago Virgaurea, Uva-Ursi, Pareira Brava, Glutathione, Kidney",728
251,Russian Olive Elaeagnus angustifolia,433
252,methazolamide,627
253,Ramipril,27
254,tramadol hydrochloride,146
255,CEFTAZIDIME,387
256,American Elm,765
257,Celecoxib,156
258,Desoximetasone,338
259,denosumab,329
260,Lidocaine Hydrochloride,87
261,atorvastatin calcium,324
262,Gemfibrozil,747
263,"Avobenzone, Homosalate, Octisalate, Octocrylene, Oxybenzone",25
264,Zinc oxide,331
265,Guaifenesin and Dextromethorphan Hydrobromide,520
266,OCTINOXATE,403
267,memantine hydrochloride,44
268,Isoniazid,643
269,"OCTISALATE, TITANIUM DIOXIDE",773
270,"Dextromethorphan Hydrobromide, GUAIFENESIN",687
271,not applicable,639
272,Carvedilol,785
273,Chloroxylenol,605
274,"Elaps corallinus, Aconitum nap., Arsenicum alb., Aur. met., Baryta carb., Benzoicum acidum, Berber. vulg., Bryonia, Calc. fluor. ,Cantharis, Ceanothus, Chelidonium majus , Chionanthus virginica, Cinchona, Convallaria, Crotalus horridus, Digitalis, Gelsemium , Glonoinum, Hydroflouricum acidum, Kali iodatum, Lachesis, Lycopus virginicus, Naja, Nux vom., Phosphorus, Pulsatilla, Rhus toxicodendron , Vipera berus, Echinacea, Hypericum,Valeriana",160
275,RUTA GRAVEOLENS FLOWERING TOP,518
276,"HOMOSALATE, OCTINOXATE, OCTISALATE, OXYBENZONE, TITANIUM DIOXIDE, ZINC OXIDE",599
277,LIDOCAINE HYDROCHLORIDE ANHYDROUS and EPINEPHRINE,299
278,Ibuprofen,525
279,Irbesartan,269
280,West Cottonwood,433
281,Chlordiazepoxide Hydrochloride,769
282,Cetirizine Hydrochloride,97
283,Ampicillin sodium,488
284,Dimethicone,307
285,Fluvoxamine Maleate,408
286,Octinoxate and Titanium dioxide,413
287,risperidone,297
288,Egg White,430
289,CALCIUM,759
290,verapamil hydrochloride,681
291,Lobelia Quercus,724
292,Menthol,429
293,Aluminum Zirconium Trichlorohydrex Gly,363
294,Treatment Set TS329161,483
295,Zinc Oxide,177
296,Promethazine Hydrochloride,179
297,"Acetaminophen, Dextromethorphan hydrobromide, and Phenylephrine Hydrochloride",233
298,Indomethacin,668
299,Diazepam,511
300,Esomeprazole magnesium,401
301,"eucalyptol, menthol, methyl salicylate, thymol",23
302,Treatment Set TS330717,602
303,Ciprofloxacin,566
304,Triclosan,392
305,Diltiazem Hydrochloride,711
306,"centaurea benedicta, silybum marianum seed, ceanothus americanus leaf, chelidonium majus, chionanthus virginicus bark, choline, bos taurus solar plexus, sus scrofa solar plexus, bos taurus duodenum, sus scrofa duodenum, fumaric acid, bos taurus gallbladder, sus scrofa gallbladder, inositol, binetrakin, potassium sulfate, beef liver, pork liver, lycopodium clavatum spore, sodium diethyl oxalacetate, sodium pyruvate, sodium sulfate, niacin, bos taurus pancreas, sus scrofa pancreas",567
307,OXYGEN,731
308,Undecylenic acid,592
309,Risperidone,79
310,Warfarin Sodium,712
311,bupropion hydrochloride,773
312,cetirizine hydrochloride,34
313,belimumab,748
314,Simvastatin,639
315,Hydroquinone,424
316,"Echinacea (angustifolia), Colchicum autumnale, Aloe socotrina, Colocynthis, Mercurius corrosivus, Nux vomica, Arsenicum album, Chininum sulphuricum,",35
317,"Arsenicum alb., Bryonia, Calc. fluor., Calendula, Causticum, Conium , Euphrasia, Hydrofluoricum acidum, Iodium, Ledum, Naphthalinum, Nat. mur., Nux vom., Phosphorus, Pulsatilla, Sepia, Silicea, Tellurium metallicum, Thiosinaminum, Zinc. met.",401
318,Menthol,218
319,Anticavity Toothpaste,306
320,"Belladonna, Calcarea iodata, Conium maculatum, Echinacea purpurea, Hepar sulphuris calcareum, Kali iodatum, Kali muriaticum, Mercurius vivus, Phytolacca decandra, Pulsatilla, Ricinus communis, Scrophularia nodosa, Solidago virgaurea, Sulphur iodatum,",744
321,hydrocodone bitartrate and acetaminophen,451
322,isosorbide dinitrate,356
323,"Homosalate, Octinoxate, Octisalate, Oxybenzone",380
324,Diclofenac Sodium and Misoprostol,216
325,Carvedilol,102
326,telavancin hydrochloride,179
327,Alcohol,616
328,"ARSENIC TRIOXIDE - FERROSOFERRIC PHOSPHATE - PULSATILLA VULGARIS - SILICON DIOXIDE - DROSERA ROTUNDIFOLIA - SPONGIA OFFICINALIS SKELETON, ROASTED - SAMBUCUS NIGRA FLOWERING TOP -",628
329,Dicloxacillin Sodium,162
330,TITANIUM DIOXIDE,420
331,BISMUTH SUBSALICYLATE,443
332,Octinoxate,190
333,Brazil Nut,225
334,"Butalbital, Acetaminophen, and Caffeine",469
335,Calendula ex herba 6 Special Order,699
336,Bisoprolol fumarate,747
337,"Chlophedianol Hydrochloride, Dexbrompheniramine Maleate, Pseudoephedrine Hydrochloride",580
338,Barium Sulfate,779
339,Bisacodyl,686
340,Prednisone,112
341,"Octinoxate, Octisalate",477
342,"Dextromethorphan Hydrobromide, Guaifenesin",740
343,Nystatin,439
344,Carbon Dioxide Air Mixture,408
345,Antiseptic handwash,74
346,lidocaine,209
347,Promethazinehydrochloride and phenylephrine hydrochloride,376
348,"ASPIRIN, ACETAMINOPHEN, IBUPROFEN, BACITRACIN ZINC, NEOMYCIN SULFATE, POLYMYXIN B, BENZALKONIUM CHLORIDE, LIDOCAINE, BENZALKONIUM CHLORIDE",247
349,"Yellow jasmine, st ignatius bean, carbonate of sodium, poison nut, phosphoric acid",191
350,corn,779
351,Oxytocin,12
352,Warfarin Sodium,306
353,moxifloxacin hydrochloride,608
354,Anastrozole,277
355,"OCTINOXATE, TITANIUM DIOXIDE",592
356,"Dexbrompheniramine Maleate, Pseudoephedrine HCl",183
357,ACONITUM NAPELLUS - APIS MELLIFERA - ARNICA MONTANA - ARSENIC TRIOXIDE - ATROPA BELLADONNA - CALCIUM FLUORIDE - CENTELLA ASIATICA - CINCHONA OFFICINALIS BARK - CRANBERRY - HORSE CHESTNUT - IRON - LACH,231
358,"avobenzone, octinoxate",60
359,Aluminum Zirconium Tetrachlorohydrex GLY,408
360,Midazolam Hydrochloride,98
361,LIDOCAINE HYDROCHLORIDE ANHYDROUS,108
362,Pyrithione Zinc,779
363,AMLODIPINE BESYLATE,707
364,"Causticum, Natrum muriaticum, Ignatia amara, Coccus cacti,",300
365,acetaminophen and codeine phosphate,306
366,Alcohol Swabstick,684
367,Cytarabine,153
368,"Aralia quinquefolia , Humulus lupulus, Adrenalinum, Cortisone aceticum, Thyroidinum suis, Selenium metallicum, Arsenicum album, Calcarea carbonica, Convallaria majalis, Crotalus horridus,",359
369,Benzocaine,393
370,"Titanium Dioxide, Zinc Oxide",473
371,Tacrolimus,349
372,Paecilomyces,29
373,Adenosine,664
374,Salicylic Acid,365
375,PAIN RELIEVING PATCH,643
376,calcium carbonate,466
377,Levetiracetam,185
378,Homeopathic Liquid,798
379,Indomethacin,724
380,PODOPHYLLUM,550
381,Clomipramine Hydrochloride,471
382,"CAMPHOR (SYNTHETIC), MENTHOL, METHYL SALICYLATE",453
383,"mineral oil, petrolatum, phenylephrine HCl",61
384,Aspirin,499
385,"Octinoxate, Titanium Dioxide, and Zinc Oxide",230
386,Geotrichum candidum,637
387,MEDROXYPROGESTERONE ACETATE,386
388,Hydrocodone Bitartrate and Acetaminophen,780
389,doxycycline,669
390,Triclosan,470
391,SODIUM FLUORIDE,472
392,ISOPROPYL ALCOHOL,106
393,Nortriptyline Hydrochloride,298
394,Simvastatin,663
395,Octinoxate and Oxybenzone,240
396,Phenylephrine hydrochloride,252
397,Aluminum Zirconium Tetrachlorohydrex GLY,426
398,Lidocaine HCL,711
399,Fluocinolone Acetonide,453
400,Rizatriptan Benzoate,488
401,Dexamethasone Sodium Phosphate,675
402,ZINC OXIDE,609
403,Diclofenac Sodium,495
404,sertraline hydrochloride,660
405,Prochlorperazine Maleate,620
406,amlodipine besylate,724
407,Furosemide,87
408,Bambusa Stannum,602
409,Chloroxylenol,43
410,triclosan,46
411,topiramate,320
412,PHENTERMINE HYDROCHLORIDE,195
413,MUCOR PLUMBEUS,125
414,Etodolac,159
415,pilocarpine hydrochloride,380
416,Mirtazapine,95
417,"SODIUM SULFACETAMIDE, SULFUR",779
418,PROMETHAZINE HYDROCHLORIDE,316
419,Calcipotriene,339
420,Octinoxate and Titanium Dioxide,455
421,TOBACCO LEAF,639
422,Interferon alfacon-1,108
423,Levothyroxine Sodium,762
424,ALCOHOL,48
425,CAPTORPIL,448
426,"Butalbital, Acetaminophen and Caffeine",416
427,OCTINOXATE TITANIUM DIOXIDE,279
428,Lien Plumbum,683
429,alprazolam,161
430,Ibuprofen,124
431,POLIDOCANOL,245
432,Bupropion Hydrochloride,647
433,TRICLOSAN,611
434,False Ragweed,674
435,"Avobenzone, Homosalate, Octisalate, and Octocrylene",800
436,zidovudine,329
437,"Acetaminophen, Chlorpheniramine Maleate, Dextromethorphan HBr, Phenylephrine HCl",798
438,divalproex sodium,359
439,Triclosan,665
440,TOLNAFTATE,179
441,"Aconitum nap., Ambra, Anacardium orientale, Arg.nit., Asafoetida, Bryonia, Chamomilla, Cimicifuga, Coffea cruda, Cypripedium, Gelsemium, Hyoscyamus, Hypericum, Ignatia, Kali phos., Nux vom., Sambucus nig., Strychninum, Theridion, Valeriana, Passiflora",759
442,DICLOFENAC POTASSIUM,81
443,Fexofenadine HCl,284
444,Propranolol Hydrochloride,540
445,oxytocin,211
446,Hydrocodone Bitartrate And Acetaminophen,81
447,Finasteride,687
448,Fluticasone Propionate,599
449,Montelukast Sodium,526
450,Docusate Sodium,322
451,CHLORPHENIRAMINE MALEATE,652
452,Dimethicone,626
453,Diphenhydramine Hydrochloride,267
454,Ondansetron Hydrochloride,711
455,Riluzole,254
456,BENZALKONIUM CHLORIDE,249
457,Escitalopram Oxalate,441
458,"OCTINOXATE, AVOBENZONE",574
459,"Chlophedianol Hydrochloride, Chlorphenirmine Maleate, Pseudoephedrine Hydrochloride",106
460,RISPERIDONE,326
461,OATMEAL,708
462,Carvedilol,352
463,Isosorbide Dinitrate,282
464,Lidocaine,302
465,"Boric Acid, Lactobacillus Acidophilus, Vitamin C",522
466,SODIUM MONOFLUOROPHOSPHATE,284
467,"Aconitum napellus, Apis mellifica, Arnica montana, Arsenicum album, Belladonna, Bellis perennis, Bryonia, Calendula officinalis, Chamomilla, Clematis erecta, Ferrum phosphoricum, Histaminum hydrochloricum, Hypericum perforatum, Ignatia amara, Passiflora incarnata, Phosphorus, Rhus toxicodendron, Sulphur, Symphytum officinale, Veratrum album",1
468,Ovaria Apis,657
469,TOLNAFTATE,503
470,Ensulizole,204
471,pantoprazole sodium,236
472,Fluoxetine,523
473,Carisoprodol and Aspirin,375
474,cyclosporine,581
475,Doxorubicin Hydrochloride,563
476,"Acetaminophen, Phenylephrine HCl",234
477,"AVOBENZONE, OCTOCRYLENE, OXYBENZONE",665
478,Norethindrone and Ethinyl Estradiol,750
479,Levofloxacin,652
480,Ketorolac Tromethamine,187
481,Cartilago Betula,764
482,Naproxen,377
483,Fire Ant,683
484,Dicloxacillin Sodium,433
485,levetiracetam,686
486,"AVOBENZONE, HOMOSALATE, OCTINOXATE, OCTISALATE, OXYBENZONE",503
487,DOCUSATE SODIUM,371
488,Titanium Dioxide,93
489,Iceberg Lettuce,697
490,"Octinoxate ,Avobenzone",434
491,Amoxicillin,235
492,Quetiapine fumarate,147
493,METOPROLOL TARTRATE,171
494,propranolol hydrochloride,537
495,METFORMIN HYDROCHLORIDE,496
496,Duck Feathers,30
497,ZINC OXIDE,147
498,Aureobasidium pullulans,294
499,benzoyl peroxide,256
500,OXYGEN,339
501,Etomidate,711
502,Acetaminophen,544
503,Ranitidine,545
504,Olanzapine,663
505,Aspirin,261
506,Sulfamethoxazole and Trimethoprim,548
507,ASARUM EUROPAEUM,223
508,OCTINOXATE and TITANIUM DIOXIDE,609
509,Ragweed. Western Ambrosia psilostachya,292
510,Oak California Live Coast,767
511,Menthol,750
512,Ampicillin sodium and Sulbactam sodium,363
513,Telmisartan,693
514,Phenylephrine Hydrochloride,772
515,Amoxicillin,470
516,Povidone Iodine,580
517,Dehydrated alcohol,606
518,midodrine hydrochloride,659
519,Naproxen Sodium,41
520,Chlorzoxazone,326
521,WITCH HAZEL,770
522,"Bryonia, Carduus marianus, Chelidonium majus, Hepar suis, Taraxacum officinale,",581
523,calcipotriene 0.005% and betamethasone dipropionate 0.064%,667
524,Salicylic acid,585
525,Torsemide,252
526,Reserpine,17
527,potassium chloride,407
528,pioglitazone hydrochloride,313
529,"Avobenzone, Octinoxate",542
530,tinidazole,514
531,Treatment Set TS350565,208
532,Nicotine Polacrilex,780
533,drospirenone and ethinyl estradiol,315
534,"Avobenzone, Octisalate and Octocrylene",559
535,Nateglinide,187
536,"Triticum aestivum, Cajuputum, Baptisia tinctoria, Capsicum annuum, Columbo, Fragaria vesca, Quassia amara,",156
537,Corn Zea mays,417
538,Benzoyl Peroxide,320
539,"Diphenhydramine hydrochloride, ibuprofen",639
540,Treatment Set TS342034,713
541,Phenylephrine HCL,630
542,TITANIUM DIOXIDE and OCTINOXATE,461
543,nadolol,218
544,dantrolene sodium,227
545,METFORMIN HYDROCHLORIDE,725
546,Glyburide,512
547,CYPROHEPTADINE HYDROCHLORIDE,738
548,amlodipine besylate and atorvastatin calcium,16
549,Hydroxyurea,300
550,Chlorhexidine Gluconate,553
551,not applicable,59
552,Benazepril Hydrochloride and Hydrochlorothiazide,589
553,Sodium Fluoride,445
554,Calcium Gluconate,79
555,clonazepam,766
556,SALICYLIC ACID,308
557,"Echinacea purpurea, Argentum nitricum, Baptisia tinctoria, Galium aparine, Pulsatilla, Thuja occidentalis, Phosphorus, Thymus serpyllum, Echinacea, Sulphur,",383
558,Hydroxyzine Pamoate,267
559,Diphenhydramine HCl,463
560,Metoprolol Tartrate,243
561,Carbinoxamine Maleate,561
562,"Acetaminophen, Phenylephrine HCl",491
563,ISOPROPYL ALCOHOL,310
564,pyrithione zinc,598
565,Aspirin,517
566,TRIAMCINOLONE ACETONIDE,284
567,losartan potassium and hydrochlorothiazide,64
568,Methenamine Mandelate,167
569,BENZTROPINE MESYLATE,30
570,allopurinol,218
571,Oxygen-Nitrogen Mixture,409
572,Penicillium Glabrum,261
573,sodium phosphate,644
574,Salicylic Acid,257
575,Benzocaine,90
576,ALCOHOL,719
577,clomiPHENE citrate,9
578,letrozole,13
579,White Petrolatum,368
580,"Butalbital, Acetaminophen, Caffeine, and Codeine Phosphate",209
581,ALUMINUM CHLOROHYDRATE,743
582,PULSATILLA VULGARIS and SULFUR,632
583,"BENZALKONIUM CHLORIDE, LIDOCAINE, WATER, ISOPROPYL ALCOHOL, BENZOCAINE, ALCOHOL, ASPIRIN",780
584,"Aconitum nap, Arnica, Chamomilla, Passiflora, Scutellaria, Citric acid, corn starch, potassium sorbate, sucrose",687
585,"menthol, camphor",781
586,"Arsenicum Album, Lycopodium Clavatum, Sulphur, Aloe Socotrina, Carcinosinum, Nitricum Acidum, Silicea, Thuja Occidentalis",543
587,Octinoxate and Oxybenzone,370
588,ISOPROPYL ALCOHOL,189
589,Meclizine Hydrochloride,791
590,aluminum zirconium tetrachlorohydrex gly,89
591,Menthol,276
592,acyclovir,536
593,Oxygen,433
594,Alprazolam,229
595,ropinirole,275
596,"Menthol, Methyl Salicylate",506
597,Petrolatum,99
598,not applicable,126
599,OCTINOXATE and ZINC OXIDE,21
600,Fluoxetine,387
601,Hydrochlorothiazide,39
602,Fluoride,520
603,"acetaminophen, dextromethorphan hydrobromide, and doxylamine succinate liquid",226
604,PRAMIPEXOLE DIHYDROCHLORIDE,600
605,levofloxacin,20
606,Tuna Fish,204
607,lip protectant sunscreen,449
608,Octinoxate and Oxybenzone,401
609,Levofloxacin,158
610,Baclofen,380
611,"Arnica , Dulcamara, Bryonia , Berberis , Rhus tox",546
612,STRYCHNOS IGNATII SEED,46
613,lurasidone hydrochloride,445
614,Metoprolol Tartrate,781
615,Guaifenesin and Dextromethorphan Hydrobromide,796
616,Nicotine Polacrilex,204
617,Ranitidine,98
618,Allergenic Extracts Alum Precipitated,253
619,Simethicone,586
620,Sulfamethoxazole and Trimethoprim,784
621,HYDROQUINONE,341
622,"Hydroquinone, Octinoxate, Oxybenzone and Zinc Oxide",147
623,Norethindrone Acetate and Ethinyl Estradiol and Ferrous Fumarate,455
624,Acetaminophen,79
625,benazepril hydrochloride,628
626,Naloxone Hydrochloride,127
627,GRANISETRON HYDROCHLORIDE,279
628,"Octinoxate ,Avobenzone",23
629,Triamcinolone Acetonide,9
630,clindamycin phosphate,498
631,Allopurinol,137
632,Docusate sodium and Sennosides,370
633,Promethazine hydrochloride and phenylephrine hydrochloride,427
634,Cultivated Rye,603
635,"aluminum hydroxide, magnesium carbonate, sodium bicarbonate",26
636,Potassium Chloride,626
637,Ranitidine,301
638,periplaneta americana,766
639,Lovastatin,54
640,Sodium Fluoride,545
641,drospirenone and ethinyl estradiol,106
642,BLEOMYCIN SULFATE,325
643,Levetiracetam,416
644,"lime, citrus",11
645,Promethazine Hydrochloride and Dextromethorphan Hydrobromide,199
646,Octinoxate and Oxybenzone,152
647,"Octocrylene, Ethylhexyl Methoxycinnamate, Zinc Oxide, Ethylhexyl Salicilate",235
648,Oxcarbazepine,32
649,Alcohol,659
650,"Standardized Grass Pollen, Bermuda Grass",177
651,"AVOBENZONE, OCTOCRYLENE, OXYBENZONE",272
652,"Calendula officinalis, Silacea",703
653,Pyrithione zinc,106
654,OXYMORPHONE HYDROCHLORIDE,492
655,Terazosin Hydrochloride,177
656,TRICLOSAN,29
657,Curvularia inequalis,261
658,Fluocinonide,454
659,Phendimetrazine Tartrate,168
660,PANTOPRAZOLE SODIUM,674
661,chlorhexidine gluconate and isopropyl alcohol,663
662,Baclofen,96
663,Amlodipine Besylate,548
664,Black Oak,587
665,Fluoxetine,176
666,PREGABALIN,628
667,PHYTOLACCA AMERICANA ROOT,68
668,Metaxalone,759
669,Felodipine,532
670,Etomidate,597
671,Cultivated Rye,62
672,Metronidazole,745
673,Theophylline,478
674,citalopram hydrobromide,799
675,OCTINOXATE,409
676,Thuja Occidentalis,393
677,"Neomycin Sulfate, Polymyxin B Sulfate, and Pramoxine Hydrochloride",398
678,Norethindrone and Ethinyl Estradiol,365
679,ALCOHOL,640
680,sertraline,53
681,"Gonadotrophin, Chorionic",453
682,Salicylic Acid,119
683,Magnesium hydroxide,125
684,Isoniazid,659
685,meloxicam,127
686,"PETROLATUM, COD LIVER OIL",481
687,haloperidol,607
688,SODIUM CHLORIDE,571
689,Gabapentin,775
690,Ranitidine,432
691,formoterol fumarate,137
692,PHOSPHORUS,200
693,metronidazole,107
694,"Phytolacca Decandra, Symphytum Officinale, Bellis Perennis, Ledum Palustre, Ruta Graveolens, Magnesia Phosphorica",554
695,deferasirox,740
696,Loperamide HCl,418
697,Nitrogen,563
698,ropinirole,444
699,racepinephrine hydrochloride,448
700,"Valine, Lysine, Histidine, Isoleucine, Leucine, Phenylalanine, Threonine, Methionine, Tryptophan, Alanine, Glycine, Arginine, Proline, Glutamic Acid, Serine, Aspartic Acid and Tyrosine",376
701,OCTINOXATE and TITANIUM DIOXIDE,26
702,"OCTINOXATE, TITANIUM DIOXIDE",660
703,simvastatin,639
704,ZOLPIDEM TARTRATE,103
705,OCTINOXATE and TITANIUM DIOXIDE,341
706,Metformin Hydrochloride,125
707,Fosinopril Sodium,522
708,Ethyl Alcohol,245
709,Oxycodone Hydrochloride,48
710,ibuprofen,279
711,Fentanyl Citrate,487
712,"Avobenzone, Octisalate, and Octocrylene",610
713,CEFTAZIDIME,502
714,Hydralazine Hydrochloride,273
715,"Neomycin sulfate, Polymyxin B Sulfate and Dexamethasone",592
716,VANCOMYCIN HYDROCHLORIDE,566
717,"Hypericum perforatum, Ledum palustre, Latrodectus mactans,",668
718,atovaquone and proguanil hydrochloride,791
719,Cetirizine Hydrochloride,202
720,"Rhododendron chrysanthum, Ruta graveolens, Arnica montana, Colchicum autumnale, Phytolacca decandra, Urtica urens,",111
721,Ranitidine,775
722,Acremonium strictum,82
723,Triclosan,705
724,Ketotifen Fumarate,86
725,GENTAMICIN SULFATE,96
726,Geotrichum candidum,606
727,Isosorbide Dinitrate,339
728,sodium fluoride,148
729,Quetiapine Fumarate,675
730,Losartan Potassium and Hydrochlorothiazide,150
731,Glimepiride,19
732,PHOSPHORIC ACID,578
733,"Mineral oil, Petrolatum, Phenylephrine HCl, Shark liver oil",508
734,hydroxyzine pamoate,113
735,Banana,385
736,Treatment Set TS347536,708
737,levetiracetam,10
738,Diphenhydramine Hydrochloride,178
739,GLYCERIN,562
740,Acetaminophen,672
741,Metoprolol succinate,527
742,Dexamethasone,58
743,Carelessweed,72
744,Ipratropium Bromide and Albuterol Sulfate,754
745,oxycodone hydrochloride,245
746,Methyldopa,508
747,Salicylic Acid,28
748,Zolpidem Tartrate,67
749,Psyllium Husk,716
750,SALICYLIC ACID,59
751,Food Sensitivity Remedy,151
752,METOPROLOL TARTRATE,264
753,acetaminophen,672
754,Zolpidem Tartrate,346
755,Methylphenidate Hydrochloride,400
756,"DEXTROSE MONOHYDRATE, SODIUM CHLORIDE, and POTASSIUM CHLORIDE",356
757,Couch Quack Grass,166
758,Escitalopram,631
759,Cefadroxil,630
760,Bromocriptine mesylate,686
761,Phenol,663
762,Triclosan,181
763,Isosorbide Dinitrate,281
764,MENTHOL CAMPHOR,495
765,"Acetaminophen, Dextromethorphan Hydrobromide, Phenylephrine Hydrochloride",221
766,mefenamic acid,466
767,"ARANEUS DIADEMATUS, TRIBASIC CALCIUM PHOSPHATE, EQUISETUM HYEMALE, FERROUS IODIDE,FUMARIA OFFICINALIS FLOWERING TOP, GENTIANA LUTEA ROOT, GERANIUM ROBERTIANUM, MYOSOTIS ARVENSIS, NASTURTIUM OFFICINALE, SODIUM SULFATE, PINUS SYLVESTRIS LEAFY TWIG,SMILAX REGELII ROOT, SCROPHULARIA NODOSA, TEUCRIUM SCORODONIA FLOWERING TOP, THYROID, UNSPECIFIED andVERONICA OFFICINALIS FLOWERING TOP",125
768,Pyrithione Zinc,676
769,Oxycodone Hydrochloride,70
770,ASTERIAS RUBENS,682
771,Bupropion Hydrochloride,525
772,Dextrose Monohydrate,609
773,Ropinirole Hydrochloride,219
774,Triclosan,274
775,"Avobenzone, Octisalate, and Octocrylene",162
776,Piperacillin Sodium and Tazobactam Sodium,722
777,imiquimod,345
778,TITANIUM DIOXIDE,356
779,"AVOBENZONE, HOMOSALATE, OCTISALATE, OCTOCRYLENE",462
780,estradiol valerate,50
781,methylphenidate hydrochloride,282
782,Olanzapine,441
783,valsartan,512
784,amoxicillin,630
785,Amlodipine Besylate,494
786,Diphenhydramine HCl,668
787,penicillium chrysogenum var. chrysogenum,471
788,Orphenadrine Citrate,248
789,Aluminum Zirconium Tetrachlorohydrex GLY,699
790,Lambs Quarters,177
791,Octinoxate,398
792,ALCOHOL,750
793,Thuja Occidentalis Leafy Twig and Sodium Chloride,290
794,Naproxen Sodium,475
795,benzonatate,72
796,"dimethicone, octinoxate, oxybenzone",241
797,Guaifenesin and Dextromethorphan Hydrobromide,63
798,Phentermine Hydrochloride,797
799,Titanium Dioxide,739
800,Topiramate,427
801,VALSARTAN,387
802,Amitriptyline Hydrochloride,146
803,"Influenzinum, Tellurium metallicum, Apis mel., Arsenicum alb., Belladonna, Bryonia, Capsicum, austicum, Cinchona, Conium,Dulcamara, Ferrum phosphoricum, Hepar sulph. calc.,Kali sulph., ycopodium, Merc. viv., Mezereum,Phosphorus, Plantago, Pulsatilla, Silicea,Verbascum, Echinacea, Hydrastis",363
804,PHENYTOIN SODIUM,579
805,"OCTINOXATE, TITANIUM DIOXIDE",315
806,Pyrithione Zinc,408
807,Chlorpromazine Hydrochloride,135
808,"Acetaminophen, Aspirin, Caffeine",573
809,TRICLOSAN,265
810,peginterferon alfa-2b,51
811,Lorazepam,410
812,rotigotine,225
813,Methyl Salicylate,531
814,Carvedilol,728
815,Metoprolol succinate,525
816,Nicotine Polacrilex,698
817,SODIUM NITRATE,427
818,Metoprolol succinate,459
819,Loperamide Hydrochloride,536
820,"Aconitum napellus, Belladonna, Borax, Calcarea phosphorica, Chamomilla, Kali phosphoricum, Magnesia phosphorica, Nitricum acidum, Staphysagria,",445
821,Fluoxetine Hydrochloride,52
822,amlodipine and benazepril hydrochloride,200
823,Ferrum sidereum 20,47
824,diltiazem hydrochloride,594
825,Undecylenic Acid,10
826,nicotine polacrilex,241
827,OCTINOXATE,357
828,Sertraline Hydrochloride,663
829,Famotidine,200
830,"Dextromethorphan Hbr, Guiafenesin, Phenylephrine HCl",591
831,Furosemide,271
832,NEOSTIGMINE METHYLSULFATE,209
833,Carbamazepine,584
834,"Acetaminophen, Dextromethorphan Hydrobromide, Doxylamine Succinate",63
835,tolnaftate,652
836,TRIFLUOPERAZINE,668
837,"OCTINOXATE, OCTISALATE",294
838,Felodipine,537
839,Nystatin,742
840,LIDOCAINE,339
841,"Foeniculum vulgare, Fucus vesiculosus, Lecithin, Ammonium carbonicum, Caulophyllum thalictroides, Galium aparine, Lac defloratum, Phosphorus, Phytolacca decandra, Rubus idaeus,",88
842,"Avobenzone, Homosalate, Octisalate, Octocrylene and Oxybenzone",269
843,Clonazepam,722
844,Sodium Citrate,439
845,Egg White,339
846,Ziprasidone HCl,322
847,SODIUM CHLORIDE,390
848,"Avobenzone, Octisalate, Octocrylene and Oxybenzone",104
849,METFORMIN HYDROCHLORIDE,388
850,Salicylic acid,186
851,"ACETAMINOPHEN, CHLORPHENIRAMINE MALEATE, PHENYLEPHRINE HYDROCHLORIDE",641
852,BENZALKONIUM CHLORIDE,67
853,Aurum Equisetum A,689
854,Simethicone,791
855,HYDROCORTISONE,405
856,Barley Smut,393
857,"OCTINOXATE, TITANIUM DIOXIDE, ZINC OXIDE",595
858,oxymorphone hydrochloride,9
859,LIDOCAINE HYDROCHLORIDE ANHYDROUS and DEXTROSE MONOHYDRATE,202
860,Bismuth Subsalicylate,266
861,Lamivudine,64
862,Acetaminophen,478
863,Zolpidem Tartrate,345
864,Brimonidine Tartrate,54
865,Aluminum Sesquichlorohydrate,144
866,Rivastigmine Tartrate,66
867,Simethicone,333
868,Hydrocodone Bitartrate and Ibuprofen,564
869,zinc oxide,187
870,Salicylic Acid,209
871,Lidocaine,660
872,Glyburide and Metformin Hydrochloride,346
873,Triclosan,167
874,Triclosan,591
875,TITANIUM DIOXIDE,245
876,Amiodarone HCl,661
877,TIOTROPIUM BROMIDE,262
878,rocuronium bromide,86
879,Enoxaparin sodium,639
880,Naproxen,669
881,Bisacodyl,611
882,tapentadol hydrochloride,119
883,Naproxen Sodium,775
884,minocycline hydrochloride,531
885,Warfarin Sodium,226
886,ROPINIROLE HYDROCHLORIDE,216
887,Hydroxyzine hydrochloride,737
888,Loratadine,339
889,neomycin sulfate - polymyxin B sulfate,102
890,Millet,573
891,Warfarin Sodium,652
892,"Fucus vesiculosus, Cyanocobalamin, Glandula suprarenalis suis, Hepar suis, Oophorinum, Human chorionic gonadotropin,",713
893,Menthol,15
894,benzphetamine hydrochloride,693
895,"Calcium Chloride, Magnesium Chloride, Dextrose monohydrate, Lactic Acid, Sodium Chloride, Sodium Bicarbonate, and Potassium Chloride",132
896,perampanel,396
897,"Baptisia tinctoria, Echinacea (angustifolia), Phytolacca decandra, Aconitum napellus, Arsenicum album, Belladonna, Ferrum phosphoricum",493
898,"Dextromethorphan, Guaifenesin, Phenylephrine",504
899,LISINOPRIL AND HYDROCHLOROTHIAZIDE,336
900,ALLANTOIN,114
901,Amiodarone Hydrochloride,543
902,Niacin,592
903,"Acetaminophen, Caffeine",305
904,Sulfamethoxazole and Trimethoprim,455
905,Ceftriaxone Sodium,457
906,acetaminophen and codeine phosphate,89
907,Salicylic Acid,438
908,Chinese Elm,775
909,oxycodone hydrochloride,289
910,Carbon Dioxide,108
911,Olanzapine,376
912,Phenylephrine HCl,599
913,"Acetaminophen, Diphenhydramine HCl",725
914,"Avobenzone, homosalate, octisalate, octocrylene, and oxybenzone",502
915,Jerusalem Oak,98
916,Sodium Fluoride,767
917,imiquimod,522
918,Ranitidine,30
919,"Bacitracin, Neomycin, Polymyxin B, Pramoxine HCl",383
920,OMEPRAZOLE MAGNESIUM,54
921,Doxycycline,744
922,DILTIAZEM HYDROCHLORIDE,39
923,fluoxetine,533
924,Lisinopril,240
925,acetylcysteine,45
926,Pyrithione zinc,270
927,Aluminum sesquichlorohydrate,783
928,triclosan,707
929,Olanzapine,197
930,timolol,90
931,"Aluminum hydroxide, Magnesium hydroxide, Simethicone",782
932,Demeclocycline Hydrochloride,745
933,GLYCERIN,357
934,Bacitracin Zinc,688
935,PENICILLIUM GLABRUM and PENICILLIUM CHRYSOGENUM VAR. CHRYSOGENUM,139
936,Phenol,633
937,Cimetidine,649
938,Methotrexate,548
939,Brussels Sprout,678
940,"TITANIUM DIOXIDE, OCTINOXATE",508
941,Minoxidil,512
942,"Avobenzone, Homosalate, Ocinoxate, Octisalate, Octocrylene, Oxybenzone",586
943,Lobelia Quercus,5
944,Penicillin G Potassium,431
945,METHADONE HYDROCHLORIDE,93
946,HYDROCODONE BITARTRATE AND ACETAMINOPHEN,540
947,ISOSORBIDE DINITRATE,178
948,Famotidine,469
949,"Menthol, zinc oxide",245
950,ALUMINUM CHLOROHYDRATE,738
951,Diphenhydramine HCl,296
952,Nitroglycerin,44
953,"Bryonia,",671
954,Naproxen,114
955,"Titnium Dioxide, Ethylhexyl Methoxycinnamate, Zinc Oxide",772
956,lisinopril,92
957,"Homosalate, Octinoxate, Octisalate, Oxybenzone",442
958,Glipizide,573
959,Psoriasis Medicated Moisturizer,749
960,Phenylephrine Hydrochloride,700
961,Candesartan cilexetil,334
962,"DEXTRAN 70, POLYETHYLENE GLYCOL 400, POVIDONE, TETRAHYDROZOLINE HCL",730
963,Red Cedar,432
964,Triclosan,102
965,OCTINOXATE,379
966,Benadryl,656
967,"Calc. fluor., Calc. phos., Calc. sulph., Ferrum phosphoricum, Kali mur., Kali phos., Kali sulph., Mag. phos., Nat. mur., Nat. phos., Nat. sulphuricum, Silicea",610
968,Ethyl Alcohol,153
969,Saline,793
970,Donepezil Hydrochloride,644
971,"Dextromethorphan HBr, Guaifenesin",184
972,Propranolol Hydrochloride,339
973,POVIONE IODINE,716
974,pioglitazone and metformin hydrochloride,46
975,Dexamethasone,589
976,Cefazolin,475
977,Citalopram,67
978,Acetaminophen,220
979,"Dextromethorphan HBr, Guaifenesin",235
980,lisinopril,674
981,Simvastatin,127
982,AZITHROMYCIN,543
983,Terazosin Hydrochloride,453
984,"ascorbic acid, cholecalciferol, .alpha.-tocopherol, dl-, pyridoxine hydrochloride, folic acid, cyanocobalamin, biotin, calcium carbonate, iron pentacarbonyl, potassium iodide, magnesium oxide, doconexent and lowbush blueberry",770
985,Polyethylene Glycol 3350,246
986,Doxycycline Hyclate,37
987,Doxycycline Hyclate,521
988,Clonidine Hydrochloride,464
989,Rosuvastatin calcium,597
990,ETHYL ALCOHOL,550
991,Hydroxyzine hydrochloride,136
992,Benzocaine,106
993,Benzocaine,260
994,Ondansetron,26
995,MATRICARIA RECUTITA - ARABICA COFFEE BEAN - HYOSCYAMUS NIGER - STRYCHNOS IGNATII SEED - PASSIFLORA INCARNATA TOP,316
996,"AVOBENZONE, HOMOSALATE, OCTISALATE, OCTOCRYLENE, and OXYBENZONE",27
997,norgestimate and ethinyl estradiol,251
998,Ibuprofen,211
999,CYCLAMEN EUROPAEUM,668
1000,"GLYCERIN, PHENYLEPHRINE HCL, PRAMOXINE HCL, WHITE PETROLATUM",180
1001,Benzocaine,186
1002,Ceftriaxone,281
1003,temazepam,181
1004,LULICONAZOLE,235
1005,SALICYLIC ACID,205
1006,"Naphazoline hydrochloride, Glycerin",583
1007,Haemophilus b Conjugate (Meningococcal Protein Conjugate) and Hepatitis B (Recombinant) Vaccine,704
1008,psyllium husk,775
1009,SALICYLIC ACID,575
1010,ACETAMINOPHEN,197
1011,"Zinc Oxide, Octinoxate",685
1012,"Octinoxate, Bemotrizinol, Zinc Oxide, Amiloxate, Titanium Dioxide",427
1013,OCTINOXATE and TITANIUM DIOXIDE,317
1014,benzethonium chloride,540
1015,Ketotifen Fumarate,686
1016,Octinoxate and Titanium dioxide,707
1017,AZITHROMYCIN MONOHYDRATE,533
1018,Salicylic Acid,641
1019,Tioconazole,476
1020,Salicylic Acid,296
1021,Oxybutynin,525
1022,Clindamycin Hydrochloride,107
1023,Spiny Pigweed,584
1024,Diazepam,686
1025,OFLOXACIN,385
1026,Salicylic Acid,97
1027,Furosemide,227
1028,"Titanium Dioxide, Octinoxate",482
1029,Atomoxetine hydrochloride,130
1030,Diphenhydramine Hydrochloride,56
1031,Lisinopril and Hydrochlorthiazide,654
1032,Alendronate Sodium,268
1033,"SODIUM SULFACETAMIDE, SULFUR",197
1034,Sunscreen,601
1035,raxibacumab,571
1036,Sodium Fluoride and Potassium Nitrate,111
1037,Avobenzone and Homosalate and Octisalate and Octocrylene,698
1038,Hydralazine Hydrochloride,398
1039,Capsaicin,435
1040,"OCTOCRYLENE, OCTINOXATE, TITANIUM DIOXIDE",359
1041,doxazosin mesylate,782
1042,Benzethonium Chloride,783
1043,"Octinoxate, Octisalate, Oxybenzone",421
1044,Salicylic Acid,465
1045,Cimetidine,526
1046,Diltiazem Hydrochloride,149
1047,Mupirocin,38
1048,Topotecan Hydrochloride,97
1049,Hydromorphone Hydrochloride,507
1050,Diclofenac Sodium,159
1051,Clonazepam,51
1052,Lisinopril,332
1053,Olive Pollen,706
1054,Triclosan,149
1055,"Avobenzone, Octinoxate",447
1056,"Urea, C-14",75
1057,Wintergreen Isopropyl Alcohol,497
1058,Water,161
1059,ALCOHOL,298
1060,ACTIVATED CHARCOAL,378
1061,ciprofloxacin hydrochloride,328
1062,Benzocaine,504
1063,Trandolapril,219
1064,Nifedipine,20
1065,Undecylenic acid,337
1066,Benzoyl Peroxide,546
1067,Pancrelipase,714
1068,methocarbamol,706
1069,Acetaminophen,52
1070,Belladonna ex herba 6,289
1071,methylergonovine maleate,529
1072,Cephalosporium acremonium,61
1073,"Acetaminophen, Phenylephrine HCl",142
1074,Carvedilol,759
1075,PHYTONADIONE,123
1076,Ramipril,680
1077,Methocarbamol,552
1078,Octinoxate and Oxybenzone,492
1079,"Allium Sativum, Althaea Officinalis, Annona Muricata, Capsicum Annum, Carduus Marianus, Curcuma Longa, Decaffeinated Camellia Sinensis",505
1080,nelfinavir mesylate,12
1081,Pelargonium sidoides,324
1082,"Anacardium, Calcerea carbonica, Hypericum, Magnesia phosphorica, Piper methysticum, Ruta graveolens, Silicea",645
1083,Levothyroxine Sodium,316
1084,Acebutolol Hydrochloride,437
1085,sulindac,127
1086,"Octinoxate, Titanium Dioxide, and Zinc Oxide",658
1087,Atenolol,739
1088,salicylic acid,715
1089,betaxolol hydrochloride,122
1090,TETRAHYDROZOLINE HYDROCHLORIDE,401
1091,enoxaparin sodium,64
1092,Carisoprodol,566
1093,DOXEPIN HYDROCHLORIDE,295
1094,TETRACAINE HYDROCHLORIDE,457
1095,Divalproex Sodium,445
1096,Paprika,782
1097,DEXTROAMPHETAMINE SULFATE,578
1098,"Neomycin sulfate and Polymyxin B Sulfate, Bacitracin Zinc and Hydrocortisone",394
1099,Menthol,794
1100,Allopurinol,227
1101,Benzoyl peroxide,62
1102,Sodium fluoride,768
1103,metoprolol tartrate,659
1104,Ibuprofen,571
1105,Hydroxyzine Hydrochloride,462
1106,hydromorphone hydrochloride,128
1107,Sodium Hypochlorite,614
1108,Amoxicillin and Clavulanate Potassium,577
1109,megestrol acetate,559
1110,EPIFAGUS VIRGINIANA - IRIS VERSICOLOR ROOT - POTASSIUM IODIDE,704
1111,Tacrolimus,34
1112,Lisinopril,182
1113,Hydrocodone Bitartrate And Acetaminophen,752
1114,Octinoxate and Titanium Dioxide,759
1115,Vitamin A and D,328
1116,CAMELLIA SINENSIS FLOWER,344
1117,HYDROCODONE BITARTRATE AND ACETAMINOPHEN,794
1118,Egg Yolk,75
1119,Benazepril Hydrochloride,665
1120,Olanzapine,561
1121,ACETAMINOPHEN,6
1122,Dextran 75,457
1123,"OCTINOXATE, OCTISALATE, ZINC OXIDE, TITANIUM DIOXIDE",796
1124,Acetaminophen and Phenyltoloxamine Citrate,343
1125,Levetiracetam,519
1126,Epirubicin Hydrochloride,598
1127,Glipizide,710
1128,atenolol,303
1129,hydrocodone bitartrate and homatropine methylbromide,221
1130,Valsartan HCTZ,209
1131,fraxinus velutina pollen,741
1132,Ibuprofen,596
1133,Russian Olive,738
1134,"Acetaminophen, Aspirin and caffeine",559
1135,SULFUR,725
1136,ondansetron hydrochloride,409
1137,Candesartan Cilexetil and Hydrochlorothiazide,523
1138,"dextromethorphan hbr, guaifenesin, phenylephrine hcl",230
1139,sertraline hydrochloride,102
1140,"Passiflora Incarnata, Valeriana Officinalis, Aurum Metallicum, Baryta Carbonica, Glonoinum, Phosphorus",390
1141,Fluconazole,796
1142,"Acetaminophen, Pamabrom and Pyrilamine maleate",339
1143,Metformin Hydrochloride,133
1144,"Avobenzone, Homosalate, Octisalate, Octocrylene, and Oxybenzone",577
1145,alprazolam,386
1146,Benzocaine,498
1147,ginkgo leaf extract,553
1148,Cauliflower,352
1149,Benzalkonium Chloride,49
1150,Ammonium Lactate,399
1151,Iohexol,84
1152,Triclosan,269
1153,dexlansoprazole,675
1154,"Methyl Salicylate, Menthol, and Capsaicin",799
1155,montelukast sodium,502
1156,Hydroxyzine Hydrochloride,602
1157,Ibuprofen,194
1158,Rabbit Hair,219
1159,Mucor racemosus,14
1160,Titanium Dioxide,632
1161,Saccharomyces cerevisiae,562
1162,candida albicans,576
1163,PAMIDRONATE DISODIUM,629
1164,Quetiapine fumarate,195
1165,Hydrocortisone Valerate,655
1166,Cladosporium Cladosporioides Hormodendrum Clad,788
1167,"avobenzone, homosalate, octisalate, octocrylene",321
1168,Hyoscyamine Sulfate Extended-Release,121
1169,"eucalyptol, menthol, methyl salicylate, thymol",57
1170,Alcohol,572
1171,clobetasol propionate,106
1172,oxycodone hydrochloride,672
1173,"TITANIUM DIOXIDE, ZINC OXIDE",525
1174,Ferrum phosphoricum,579
1175,Desmopressin Acetate,257
1176,Ondansetron,612
1177,Hydroquinone,45
1178,Mirtazapine,612
1179,OCTINOXATE and TITANIUM DIOXIDE,509
1180,Colloidal Oatmeal,123
1181,Titanium Dioxide,275
1182,Amoxicillin and Clavulanate Potassium,742
1183,DOBUTAMINE HYDROCHLORIDE,675
1184,Quinidine Sulfate,9
1185,TRICON,163
1186,penicillin G potassium,577
1187,Ondansetron,111
1188,Carvedilol,116
1189,Octinoxate Titanium dioxide,270
1190,ATORVASTATIN CALCIUM,334
1191,Allopurinol,157
1192,Ranitidine,149
1193,Thuja Occidentalis,408
1194,SODIUM FLUORIDE,448
1195,Calcium Acetate,447
1196,Gabapentin,39
1197,Date,31
1198,Budesonide,211
1199,Velvet Grass,741
1200,ALUMINUM ZIRCONIUM PENTACHLOROHYDREX GLY,282
1201,Bacitracin,352
1202,"Avobenzone, Octisalate, Octocrylene",207
1203,clindamycin phosphate,528
1204,Zinc Oxide and Titanium dioxide,261
1205,Dipyridamole,319
1206,Benzalkonium Chloride,348
1207,REPAGLINIDE,693
1208,Felodipine,190
1209,Dextroamphetamine Sulfate,590
1210,green bell pepper,149
1211,Ibuprofen,292
1212,Phosphoricum Acidum,357
1213,"alcohol, lidocaine hydrochloride",139
1214,Alcohol,624
1215,Torsemide,514
1216,Witch Hazel,602
1217,Ferrous Fumarate and Polysacchride Iron Complex and Folic Acid,319
1218,Sodium Fluoride,336
1219,benzethonium chloride,562
1220,Diphenhydramine HCl,182
1221,Aurum Plumbum,382
1222,insulin-like growth factor-1 (IGF-1),206
1223,BIOTIN,310
1224,Darkleaves Mugwort,106
1225,lactulose,534
1226,ALUMINUM CHLOROHYDRATE,758
1227,Lorazepam,88
1228,Isopropyl Alcohol,321
1229,OXYGEN,388
1230,"Avobenzone, Homosalate, Octisalate, Octocrylene, and Oxybenzone",578
1231,Etodolac,550
1232,amlodipine besylate and atorvastatin calcium,378
1233,losartan potassium and hydrochlorothiazide,387
1234,Omeprazole,15
1235,Aspirin,708
1236,Lobster,505
1237,Cocklebur,146
1238,Loratadine,296
1239,SODIUM CATION,87
1240,OCTINOXATE and OCTOCRYLENE,264
1241,atorvastatin calcium,323
1242,ALUMINUM CHLOROHYDRATE,280
1243,Pseudoephedrine Hydrochloride,399
1244,Carbidopa and Levodopa,230
1245,Methylene Blue,563
1246,Acetaminophen Caffeine Chlorpheniramine Maleate,16
1247,Hepatitis A Vaccine,558
1248,Valsartan and hydrochlorothiazide,434
1249,Isosorbide Dinitrate,580
1250,Minoxidil,603
1251,"Agnus, Allium sativum, Ambra, Angelica sinensis radix, Aralia quinquefolia, Arnica, Arsenicum alb., Avena, Baptisia, Baryta carb., Bryonia, Cantharis, Lachesis, Lycopodium, Nux vom., Phosphoricum ac., Pulsatilla, Ruta, Sabal, Selenium, Zinc. met., Ginkgo",110
1252,"MENTHOL, METHYL SALICYLATE",88
1253,Octinoxate and Titanium Dioxide,290
1254,"IODINE,SODIUM IODIDE, ALCOHOL",218
1255,azelastine hydrochloride,590
1256,"phenylephrine hcl, brompheniramine maleate",538
1257,Hazelnut Pollen,288
1258,Surgical Hand Antiseptic,490
1259,"Octinoxate, Titanium Dioxide, and Zinc Oxide",600
1260,Dextromethorphan Hydrobromide,232
1261,Fluoride,204
1262,Morphine Sulfate,781
1263,THYROTROPIN ALFA,94
1264,Epinephrine,324
1265,diltiazem hydrochloride,49
1266,terconazole,296
1267,vinorelbine tartrate,465
1268,Levonorgestrel and Ethinyl Estradiol,621
1269,MENTHOL METHYL SALICYLATE CAPSAICIN,737
1270,Calcitriol,76
1271,Salicylic Acid,158
1272,sumatriptan succinate,54
1273,Nabumetone,574
1274,Red Oak,294
1275,"Butalbital, Aspirin and Caffeine",374
1276,HEPARIN SODIUM,60
1277,HYDROCODONE BITARTRATE,271
1278,sertraline hydrochloride,79
1279,Titanium dioxide,486
1280,"Aconitum napellus, Bryonia alba, Hypericum perforatum",204
1281,cefditoren pivoxil,211
1282,"OCTINOXATE, TITANIUM DIOXIDE",628
1283,"OCTOCRYLENE, OCTISALATE, AVOBENZONE",626
1284,"Acetaminophen, Dextromethorphan HBr, Doxylamine succinate, Phenylephrine HCl",188
1285,Sodium Fluoride,390
1286,Salicylic Acid,441
1287,"Avobenzone, Homosalate, Octisalate, Octocrylene and Octobenzone",721
1288,Propranolol Hydrochloride,206
1289,not applicable,396
1290,alprazolam,116
1291,SODIUM CHLORIDE,251
1292,valsartan and hydrochlorothiazide,773
1293,Petrolatum and Lanolin,622
1294,LEVOTHYROXINE SODIUM,642
1295,Capsaicin,396
1296,Cimetidine,213
1297,Finasteride,498
1298,haloperidol,796
1299,Glycerin,30
1300,Isopropyl Alcohol,297
1301,Nicotine Polacrilex,783
1302,Glimepiride,486
1303,Dandelion,283
1304,Zinc Oxide,696
1305,"OCTINOXATE, ZINC OXIDE",78
1306,Aluminum Zirconium Tetrachlorohydrex GLY,27
1307,ETHYL ALCOHOL,733
1308,Acetazolamide,523
1309,milnacipran hydrochloride,666
1310,"Argentum nitricum, Arsenicum iodatum, Bryonia, Carbo vegetabiles, Conium maculatum, Kali bichromicum, Lachesis mutus, Lycopodium, Nux vomica and Viscum album",102
1311,Ibuprofen,458
1312,fluoxetine,663
1313,FOAMING HAND SANTIZER,427
1314,Miconazole Nitrate,448
1315,Acetaminophen,655
1316,HYDROCORTISONE,100
1317,Diphenhydramine Hydrochloride,520
1318,Octinoxate and Zinc Oxide,282
1319,hydrocortisone acetate and pramoxine hydrochloride,505
1320,Propranolol,698
1321,Sodium Monofluorophospate,683
1322,"Octinoxate, Titanium Dioxide",173
1323,Ramipril,20
1324,"Acetaminophen, Pamabrom and Pyrilamine maleate",265
1325,TITANIUM DIOXIDE,515
1326,orange,530
1327,METHYL SALICYLATE MENTHOL CAPSAICIN LIDOCAINE,290
1328,OCTINOXATE and TITANIUM DIOXIDE,411
1329,Pramipexole Dihydrochloride,35
1330,Aluminum Zirconium Tetrachlorohydrex GLY,626
1331,levofloxacin,595
1332,Mucor racemosus,372
1333,Helium,86
1334,oxcarbazepine,429
1335,BENZALKONIUM CHLORIDE,311
1336,Cocklebur Xanthium strumarium,33
1337,Tobacco Leaf,15
1338,lorazepam,93
1339,Calcium carbonate,376
1340,"ALUMINUM HYDROXIDE, MAGNESIUM HYDROXIDE, DIMETHICONE",724
1341,oxycodone hydrochloride and acetaminophen,112
1342,DIPHENDYDRAMINE HYDROCHLORIDE,416
1343,"Avobenzone, Homosalate, Octisalate, and Octocrylene",720
1344,Carbon Dioxide,278
1345,Cyclobenzaprine Hydrochloride,301
1346,"Lanolin, Petrolatum",120
1347,Oxygen,313
1348,Naproxen sodium,21
1349,Bethanechol Chloride,578
1350,Somatropin,560
1351,Anticoagulant Citrate Phosphate Dextrose (CPD) Solution and ADSOL Preservation Solution,158
1352,Clotrimazole,263
1353,"Titanium Dioxide, Zinc Oxide",677
1354,Magnesium Citrate,786
1355,Hand Wash,652
1356,Methscopolamine Bromide,337
1357,Octinoxate,428
1358,Sodium Fluoride,463
1359,Pulmo 8,33
1360,"octinoxate, oxybenzone, petrolatum",477
1361,Ethyl Alcohol,286
1362,"L-arginine, L-carnitine, L-ornithine, L-tyrosine, HCG(Human chorionic conadotropin,",656
1363,VANCOMYCIN HYDROCHLORIDE,539
1364,Progesterone,114
1365,ETODOLAC,185
1366,TITANIUM DIOXIDE and ZINC OXIDE,176
1367,Trospium Chloride,62
1368,Diltiazem Hydrochloride,303
1369,Cultivated Wheat,183
1370,"Avobenzone, Homosalate, Octisalate, Octocrylene and Oxybenzone",700
1371,clozapine,47
1372,CONIUM MACULATUM FLOWERING TOP,72
1373,hydrocodone bitartrate and acetaminophen,39
1374,OMEPRAZOLE,645
1375,itraconazole,500
1376,Bisacodyl,730
1377,CALCIUM CARBONATE,417
1378,"Avobenzone, Octinoxate, and Octisalate",265
1379,Triclosan,329
1380,PANTOPRAZOLE SODIUM,544
1381,"Titanium Dioxide, Zinc Oxide",556
1382,Doxycycline Hyclate,730
1383,Oxygen,181
1384,Rose Copper Warming Support,555
1385,lamotrigine extended release,518
1386,"Willow, Black Salix nigra",93
1387,"Sodium Fluoride, Vitamin A Palmitate, Ascorbic Acid, Cholecalciferol, Alpha-Tocopherol Acetate, Thiamine Mononitrate, Riboflavin, Niacinamide, Pyridoxine Hydrochloride, Folic Acid and cyanocobalamin",650
1388,Simvastatin,721
1389,"Anacardium orientale, Antimon. crud., Arg. nit., Berber. vulg., Bryonia, Chelidonium majus, Digitalis, Graphites, Humulus, Iris versicolor, Kali carb., Lycopodium, Nat. carb. , Nat. sulphuricum, Nux vom., Pulsatilla, Rhus toxicodendron, Scutellaria lateriflora, Sepia, Stramonium, Chamomilla, Passiflora, Valeriana",587
1390,MAGNESIUM HYDROXIDE,386
1391,"Diphenhydramine HCl, Phenylephrine HCl",632
1392,Antiseptic,786
1393,amlodipine besylate,499
1394,Levothyroxine sodium,542
1395,Hydrocodone Bitartrate and Acetaminophen,765
1396,Levetiracetam,9
1397,Carisoprodol,473
1398,Cuprum 5,461
1399,Sumatriptan Succinate,568
1400,"Euphrasia , Pulsatilla , Psorinum , Merc sol , Graphites, Citricidal Extract",704
1401,Maple Sugar,744
1402,hydroquinone,750
1403,risperidone,537
1404,amlodipine besylate and atorvastatin calcium,33
1405,"HOMOSALATE, OXYBENZONE, OCTISALATE, AVOBENZONE, OCTOCRYLENE",382
1406,Amlodipine Besylate and Benazepril Hydrochloride,25
1407,SODIUM CHLORIDE,318
1408,TOPIRAMATE,360
1409,oxycodone hydrochloride,535
1410,WHITE PETROLEUM,646
1411,CETIRIZINE HYDROCHLORIDE,735
1412,"Allium sativum, Belladonna, Calendula officinalis, Cantharis, Cichorium intybus, flos, Cimex Lectularius, Fagus sylvatica, flos, Gallicum acidum, Hepar sulphuris calcareum, Ilex aquifolium, flos, Impatiens glandulifera, flos, Iodium, Moschus, Salix vitellina, flos, Tarentula hispana, Terebinthina, Veratrum album",335
1413,fluoxetine hydrochloride,214
1414,"Butalbital, Aspirin, and Caffeine",343
1415,Benzethonium Chloride,435
1416,"Aconitum nap., Ambra, Anacardium orientale, Arg.nit., Asafoetida, Bryonia, Chamomilla, Cimicifuga, Coffea cruda, Cypripedium, Gelsemium, Hyoscyamus, Hypericum, Ignatia, Kali phos., Nux vom., Sambucus nig., Strychninum, Theridion, Valeriana, Passiflora",350
1417,enoxaparin sodium,173
1418,Guaifenesin,96
1419,IBUPROFEN,680
1420,miconazole nitrate,40
1421,Sulindac,361
1422,"Magnesium Carbonate, Magnesium Chloride, Aesculus Hippocastanum, Flos, Potassium Alum, Aluminum Oxide, Bryonia Alba Root, Strychnos Nux-Vomica Seed, Silicon Dioxide",800
1423,CHLOROXYLENOL,182
1424,Oxymorphone Hydrochloride,634
1425,Diltiazem Hydrochloride,763
1426,Acetaminophen,227
1427,Isopropyl Alcohol,566
1428,Nicotine Polacrilex,226
1429,Petrolatum,154
1430,Famotidine,594
1431,Budesonide,396
1432,Diclofenac Sodium,573
1433,Menthol,648
1434,Mexican Tea,254
1435,Loratadine,497
1436,AVOBENZONE HOMOSALATE OCTISALATE OCTOCRYLENE OXYBENZONE,433
1437,Birch,407
1438,Mepivacaine Hydrochloride and Levonordefrin,516
1439,FLUORIDE TREATMENT,474
1440,Diltiazem Hydrochloride,752
1441,METHYL SALICYLATE,64
1442,Octinoxate and Avobenzone,2
1443,atenolol,329
1444,Metformin Hydrochloride,631
1445,perampanel,514
1446,"AVOBENZONE, HOMOSALATE, OCTISALATE, OCTOCRYLENE, OXYBENZONE",262
1447,Carelessweed,277
1448,Pyrazinamide,48
1449,Sulfamethoxazole and Trimethoprim,544
1450,Trimethobenzamide,131
1451,Isopropyl Alcohol,11
1452,Divalproex Sodium,91
1453,PYRITHIONE ZINC,97
1454,paroxetine hydrochloride,582
1455,desogestrel/ethinyl estradiol and ethinyl estradiol,535
1456,WATER,437
1457,Pantoprazole Sodium,490
1458,OCTINOXATE,485
1459,SODIUM SULFACETAMIDE and SULFUR,544
1460,Bayberry Wax Myrtle,325
1461,LISINOPRIL,736
1462,Atenolol,760
1463,mycophenolic acid,398
1464,Lisinopril,66
1465,"AVOBENZONE, OCTOCRYLENE, OXYBENZONE",271
1466,Glyburide and Metformin,243
1467,"Calcarea phosphorica, Chamomilla, Coffea cruda,Passiflora incarnata",507
1468,Virginia Live Oak,132
1469,Sennosides,624
1470,"EUCALYPTOL, MENTHOL, METHYL SALICYLATE, THYMOL",326
1471,fibrinogen human and thrombin human,546
1472,methohexital sodium,404
1473,Ramipril,68
1474,HYDROCODONE BITARTRATE AND ACETAMINOPHEN,38
1475,Aluminum Zirconium Tetrachlorohydrex Gly,18
1476,"Octinoxate, Octisalate, and Oxybenzone",46
1477,Pelargonium sidoides,154
1478,divalproex sodium,509
1479,"Acetaminophen, Aspirin, Caffeine",718
1480,ROPIVACAINE HYDROCHLORIDE,3
1481,Buprenorphine and Naloxone,285
1482,Invisible Stick Antiperspirant and Deodorant,726
1483,SENNOSIDES,393
1484,"CALENDULA OFFICINALIS FLOWERING TOP, GERANIUM MACULATUM ROOT, SODIUM CHLORIDE, and RANUNCULUS BULBOSUS",59
1485,SODIUM ACETATE,426
1486,diphenhydramine hydrochloride,524
1487,"ACETAMINOPHEN, PHENYLEPHRINE HCL, DEXTROMETHORPHAN HBr",758
1488,gentamicin sulfate,678
1489,Apiolum,712
1490,Sulfacetamide Sodium,80
1491,Nabumetone,382
1492,"oxybenzone, octisalate, homosalate, avobenzone, and octocrylene",748
1493,lamotrigine,162
1494,doxepin hydrochloride,282
1495,Metformin Hydrochloride,586
1496,amlodipine besylate,108
1497,Rabies Vaccine,247
1498,Lidocaine Hydrochloride,76
1499,"ibuprofen, pseudoephedrine HCl",162
1500,"Acetaminophen, Chlorpehniramine HCl, Dextromethorphan HBr, Phenylephrine HCl",539
1501,Hydrocortisone,24
1502,Nitrofurantoin Macrocrystals,414
1503,Benzocaine,742
1504,Acetaminophen,396
1505,SODIUM FLUORIDE,28
1506,DOG EPITHELIA,279
1507,ALUMINUM ZIRCONIUM TETRACHLOROHYDREX GLY,338
1508,Benzalkonium Chloride,423
1509,Cetirizine HCl,310
1510,oxycodone and acetaminophen,514
1511,"Silver nitrate, Avena sativa flowering top, Turnera diffusa leafy twig, Lycopodium clavatum spore, Phosphoric acid, and Selenium",168
1512,Oxcarbazepine,696
1513,Amoxicillin,500
1514,Ibuprofen,760
1515,warfarin sodium,650
1516,GABAPENTIN,104
1517,Warfarin Sodium,731
1518,"Dextromethorphan HBr, Guaifenesin",146
1519,Loratadine,507
1520,Benzonatate,134
1521,Folic Acid,239
1522,Penicillin V Potassium,741
1523,"MATRICARIA RECUTITA, RHUBARB, PHYTOLACCA AMERICANA ROOT",76
1524,Menthol,536
1525,Lisinopril,91
1526,Valsartan and hydrochlorothiazide,708
1527,PYRITHIONE ZINC,551
1528,Digoxin,251
1529,Glipizide and Metformin Hydrochloride,292
1530,benzalkonium chloride,497
1531,Wart Remover Strips,358
1532,Levofloxacin,472
1533,adenosine,417
1534,"OCTINOXATE, OXYBENZONE",272
1535,"SULFUR,SULFACETAMIDE SODIUM",248
1536,HYDROXYZINE PAMOATE,627
1537,cetirizine hydrochloride,594
1538,Sertraline Hydrochloride,395
1539,"Natrum Muriaticum, Ranunculus Bulbosus",122
1540,clindamycin phosphate,307
1541,"Aconitum nap., Arg. nit., Arsenicum alb., Baptisia, Bryonia, Carbo veg., Chamomilla, Cinchona, Collinsonia, Colocynthis, Elaterium, Gelsemium, Ipecac., Iris versicolor, Lycopodium, Mag. carb., Phosphorus, Podoph. pelt., Rheum, Sulphur, Tabacum, Vaccinium, Aesculus hipp. Juglans regia, Valeriana",255
1542,"OCTINOXATE, TITANIUM DIOXIDE",138
1543,clopidogrel,684
1544,ALCOHOL,520
1545,OXYGEN,78
1546,benzocaine and benzethonium chloride,668
1547,PHENDIMETRAZINE TARTRATE,99
1548,pramipexole dihydrochloride,511
1549,benzethonium chloride,147
1550,Amoxicillin and Clavulanate Potassium,217
1551,Prednisone,392
1552,enoxaparin sodium,254
1553,nicotine polacrilex,744
1554,Triclosan,18
1555,flumadine,645
1556,Amlodipine Besylate,105
1557,"Titanium Dioxide, Zinc Oxide, Octinoxate, Octisalate",727
1558,Glyburide,610
1559,"Belladonna, Bryonia, Capsicum annuum, Chininum arsenicosum, Coffea cruda, Gelsemium sempervirens, Glonoinum, Ignatia amara, Kali bichromicum, Lycopodium clavatum, Natrum muriaticum, Nux vomica, Sanguinaria canadensis, Spigelia anthelmia, Sulphur.",378
1560,TRICLOSAN,731
1561,Glycerin,326
1562,Octinoxate and Titanium Dioxide,733
1563,Tobacco Leaf,188
1564,Esmolol Hydrochloride,207
1565,Diltiazem Hydrochloride Extended-Release Tablets,640
1566,Beech,179
1567,Phendimetrazine Tartrate,472
1568,fentanyl citrate,662
1569,Salicylic acid,645
1570,OXYBUTYNIN CHLORIDE,387
1571,BENZOCAINE and RESORCINOL,679
1572,DIOSMETIN,658
1573,"glycerin, phenylephrine HCl, pramoxine HCl, white petrolatum",200
1574,Titanium Dioxide and Zinc Oxide,758
1575,Fluvoxamine Maleate,25
1576,Mesquite,371
1577,ALLANTOIN AND DIMETHICONE,769
1578,Tobramycin,302
1579,chloroxylenol,59
1580,ADO-TRASTUZUMAB EMTANSINE,518
1581,Venlafaxine,447
1582,Benzalkonium Chloride,182
1583,Tinidazole,776
1584,Skin Protectant,299
1585,Goat Milk,789
1586,ISOPROPYL ALCOHOL,617
1587,"Ammonium Carbonicum, Arsenicum Album, hepar Sulphuris Calcareum, Iodium, Lycopodium Clavatum, Nux Vomica, Pulsatilla,",410
1588,KETOCONAZOLE,332
1589,LEVOFLOXACIN,584
1590,Famciclovir,710
1591,"OCTINOXATE, OCTISALATE, TITANIUM DIOXIDE, and ZINC OXIDE",705
1592,Naproxen,207
1593,Diltiazem Hydrochloride,284
1594,"OCTINOXATE, TITANIUM DIOXIDE",616
1595,Benzalkonium chloride,530
1596,FAMOTIDINE,307
1597,Torsemide,676
1598,Slender Ragweed,231
1599,Acetaminophen,534
1600,PROTOCATECHUALDEHYDE,131
1601,"Graphites, Natrum Muriaticum, Ranunculus Bulbosus, Thuja Occidentalis",266
1602,Estradiol,711
1603,"Avobenzone, Homosalate, Octinoxate, Octisalate, Octocrylene,Oxybenzone",621
1604,diltiazem hydrochloride,511
1605,"Iodium, Pituitary (Suis), Thyroidinum (Suis), Glandula Suprarenalis Suis, Fel Tauri, Taraxacum Officinale, Bryonia",369
1606,Agaricus muscarius 30 Special Order,56
1607,Fluoride,575
1608,CYCLOBENZAPRINE HYDROCHLORIDE,384
1609,"Juniperus Virginiana, Rumex Crispus, Scrophularia Nodosa, Xanthoxylum Fraxineum, Lymph Node, Baryta Muriatica, Belladonna",675
1610,Metaxalone,124
1611,Treatment Set TS351315,66
1612,"Echinacea, Hydrastis Canadensis, Lomatium Dissectum, Myrrha, Nasturtium Aquaticum, Tabebuia Impetiginosa, Glandula Suprarenalis Bovine",427
1613,Miconazole Nitrate,117
1614,"Avobenzone, Octinoxate, Octisalate, and Oxybenzone",166
1615,CALCAREA FLUORICA,137
1616,ciclesonide,220
1617,Octinoxate and Oxybenzone,141
1618,Levofloxacin,311
1619,Green Pepper,589
1620,fibrinogen human and thrombin human,397
1621,Baclofen,396
1622,nevirapine,44
1623,LEMON OIL,31
1624,Estradiol,623
1625,Loblolly Pine,486
1626,Quetiapine fumarate,766
1627,Anthoxanthum odoratum,385
1628,"Argentum nitricum 30X, Cocculus indicus 30X, Conium maculatum 30X, Theridion 30X",781
1629,Diphenhydramine Hydrochloride,198
1630,"AVOBENZONE, OCTINOXATE, and OCTISALATE",98
1631,"ZINC OXIDE, TITANIUM DIOXIDE",191
1632,Zinc Oxide,545
1633,papaya,436
1634,Famciclovir,198
1635,CEFEPIME,47
1636,Magnesium Chloride,399
1637,BENZALKONIUM CHLORIDE,502
1638,"Ethyl Alcohol, Salicylic Acid, Benzocaine",766
1639,"Arnica montana, Calendula officinalis, Symphytum officinale, Hypericum perforatum, Belladonna, Bellis perennis, Carbo vegetabilis,",711
1640,Valsartan and hydrochlorothiazide,599
1641,Doxylamine succinate,23
1642,Doxazosin Mesylate,561
1643,Octocrylene and Octinoxate,458
1644,ciprofloxacin hydrochloride,263
1645,Doxycycline,56
1646,TAMSULOSIN HYDROCHLORIDE,123
1647,Gabapentin,314
1648,Rifampin,791
1649,Mineral Oil,540
1650,Menthol,540
1651,Lovastatin,705
1652,olopatadine hydrochloride,336
1653,Tolnaftate,647
1654,DOCUSATE SODIUM,197
1655,HYDROXYZINE PAMOATE,219
1656,Hydromorphone Hydrochloride,263
1657,"Octinoxate, Octisalate, Titanium dioxide, and Oxybenzone",379
1658,MIDAZOLAM HYDROCHLORIDE,302
1659,"alcohol, benzocaine",734
1660,Famciclovir,705
1661,MODAFINIL,770
1662,Alcohol,439
1663,pralatrexate,189
1664,HYDROGEN PEROXIDE,649
1665,Plantain English,345
1666,"FUCUS VESICULOSUS, CENTELLA ASIATICA, MELISSA OFFICINALIS, ALOE",221
1667,Diphenhydramine Hydrochloride,748
1668,Montelukast,377
1669,TITANIUM DIOXIDE,701
1670,Meclizine HCl,545
1671,"Elaps corallinus, Aesculus hipp., Aloe, Arsenicum alb., Bryonia, Calc. fluor., Capsicum, Collinsonia, Crotalus horridus, Hamamelis, Hydrofluoricum acidum, Hypericum, Lachesis, Lycopodium, Millefolium, Naja, Nux vom., Paeonia, Plantago, Quercus glandium spiritus, Ratanhia, Vipera berus, Echinacea, Solidago, Urtica ur.",78
1672,lamotrigine,22
1673,Sepia comp.,540
1674,Ibuprofen,657
1675,Olanzapine,279
1676,NITROGEN,267
1677,Losartan Potassium and Hydrochlorothiazide,370
1678,Stannous Fluoride,125
1679,Anastrozole,548
1680,Amoxicillin,98
1681,Triclosan,309
1682,SERTRALINE HYDROCHLORIDE,208
1683,"Avobenzone, Homosalate, Octisalate, Octocrylene, and Oxybenzone",593
1684,elosulfase alfa,663
1685,TOPICAL STARCH,654
1686,Titanium Dioxide,736
1687,ASPIRIN,433
1688,terbinafine hydrochloride,644
1689,Spironolactone,451
1690,LIDOCAINE HYDROCHLORIDE ANHYDROUS,132
1691,NAJA NAJA VENOM,524
1692,"Avobenzone, Octinoxate, Octisalate, Oxybenzone",726
1693,cephalexin,241
1694,Thyreoidea Melissa,583
1695,"Camphor, Menthol, Methyl Salicylate",279
1696,methocarbamol,95
1697,BENZALKONIUM CHLORIDE,192
1698,English Plantain,508
1699,Doxazosin,240
1700,DIMETHICONE,443
1701,Lombardy Poplar,536
1702,Bupropion hydrochloride,140
1703,SODIUM FLUORIDE,300
1704,TITANIUM DIOXIDE,560
1705,TOBRAMYCIN SULFATE,137
1706,Levofloxacin,761
1707,methylprednisolone,515
1708,Arabic Gum,473
1709,Glimepiride,101
1710,Simvastatin,506
1711,Potassium Chloride,535
1712,Gadofosveset trisodium,96
1713,"Arnica montana, Calcarea carbonica, Chenopodium anthelminticum, Chininum salicylicum, Cimicifuga racemosa, Coffea tosta, Kali iodatum, Kalmia latifolia, Magnesia carbonica, Manganum aceticum, Manganum carbonicum, Mercurius vivus, Natrum salicylicum, Salicylicum acidum, Thiosinaminum, Thyroidinum",272
1714,Spearmint,634
1715,Treatment Set TS335061,671
1716,Menthol,481
1717,Black Walnut,691
1718,Protriptyline hydrochloride,547
1719,phentermine hydrochloride,282
1720,SILVER NITRATE,612
1721,Chloroquine Phosphate,439
1722,amoxicillin and clavulanate potassium,182
1723,ENALAPRILAT,460
1724,Venlafaxine Hydrochloride,205
1725,Alprazolam,168
1726,Triclosan,600
1727,lurasidone hydrochloride,728
1728,"Absinthium, Aconitum nap., Antimon. tart., Belladonna, Bryonia, Carbolicum acidum, Colchicum, Conium, Ferrum metallicum, Gelsemium, Glonoinum, Hyoscyamus, Ipecac., Iris versicolor, Lycopodium, Nux vom., Petroleum, Phosphorus, Sepia, Symphoricarpus racemosus, Tabacum, Theridion, Zingiber, Echinacea, Hypericum, Passiflora, Valeriana",539
1729,INATAL Ultra,799
1730,Oat Grain,374
1731,"Octinoxate, Oxybenzone",602
1732,"Brompheniramine maleate, Dextromethorphan HBr, Phenylephrine HCl",272
1733,Ethyl Alcohol,155
1734,Musculus deltoideus comp. 8 Special Order,115
1735,Triclosan,429
1736,"Butalbital, Acetaminophen, and Caffeine",329
1737,Estazolam,613
1738,NyQuil Cherry,311
1739,"Glycyrrhiza glabra, Kali muriaticum Magnesia muriatica, Tribulus terrestris, Zincum gluconicum, Kali phosphoricum, Natrum muriaticum, Iodium, Phosphorus, Adrenalinum, Adrenocorticotrophin, Ascorbicum",301
1740,Potassium Citrate,351
1741,DROPERIDOL,257
1742,"Acetaminophen, Diphenhydramine HCl",236
1743,PredniSONE,518
1744,Triclosan,724
1745,Brome Grass,338
1746,verapamil hydrochloride,334
1747,dextromethorphan polistirex,212
1748,Nitrogen,314
1749,Cefprozil,775
1750,Ergocalciferol,435
1751,fluconazole,248
1752,cefazolin sodium,184
1753,Triclosan,50
1754,Diclofenac Sodium and Misoprostol,649
1755,Sodium Fluoride,212
1756,Acetaminophen and Codeine Phosphate,771
1757,gentamicin sulfate,417
1758,OCTINOXATE and TITANIUM DIOXIDE,68
1759,Canary Grass,388
1760,"sodium phosphate, dibasic and sodium phosphate, monobasic",275
1761,Quetiapine Fumarate,796
1762,Sodium Chloride,660
1763,DOPAMINE HYDROCHLORIDE,173
1764,Cocklebur,193
1765,Chlorpheniramine maleate and Dextromethorphan HBr,242
1766,amlodipine besylate and olmesartan medoxomil,107
1767,Diazepam,264
1768,Methylnaltrexone bromide,331
1769,Diltiazem Hydrochloride,267
1770,Oxygen,672
1771,Standardized Sweet Vernal Grass Pollen,360
1772,Lithium Carbonate,763
1773,fentanyl,414
1774,lisinopril and hydrochlorothiazide,460
1775,verapamil hydrochloride,311
1776,"Antimon. crud., Arsenicum alb., Aur. met., Berber. aqui., Bovista, Carbo veg., Causticum, Chelidonium majus, Dulcamara, Graphites, Hepar sulph. calc., Hydrocotyle, Kali brom., Kali iod., Ledum, Lycopodium, Nux vom., Silicea, Sulphur iod., Zinc. met., Echinacea, Juglans regia, Lappa, Taraxacum",166
1777,Casein,655
1778,Bismuth subsalicylate,706
1779,ETHYLHEXYL METHOXYCINNAMATE,444
1780,Bisacodyl,2
1781,Quinine Sulfate,446
1782,Diltiazem Hydrochloride,248
1783,Water Hemp,208
1784,AVOBENZONE HOMOSALATE OCTISALATE OCTOCRYLENE OXYBENZONE,519
1785,"Eucalyptol, Menthol, Methyl Salicylate, and Thymol",109
1786,"Horse Chestnut, Calendula Officinalis Flowering Top, Collinsonia Canadensis Root, Hamamelis Virginiana Root Bark/Stem Bark, and Paeonia Officinalis Root",219
1787,Pyrithione Zinc,459
1788,Benzocaine,142
1789,Budesonide,190
1790,BENZALKONIUM CHLORIDE,494
1791,Activated charcoal,573
1792,Methyl Salicylate,299
1793,ropinirole hydrochloride,480
1794,"Avobenzone, Homosalate, Octisalate, Octocrylene, and Oxybenzone",420
1795,"Dextran 70, Glycerin, Hypromellose",139
1796,Tinidazole,46
1797,Guanfacine Hydrochloride,252
1798,Isopropyl Alcohol,223
1799,"Alfalfa, Calcarea carbonica, Calcarea fluorica, Calcarea phosphorica, Hydrofluoricum acidum, Shark cartilage, Symphytum officinale,",286
1800,Fenoldopam Mesylate,389
1801,Pyrithione Zinc,46
1802,Venlafaxine Hydrochloride,250
1803,Mometasone Furoate,601
1804,Montelukast Sodium,227
1805,Nicotine Polacrilex,24
1806,"Acetaminophen, Diphenhydramine HCl, Phenylepherine HCl",74
1807,Diethylpropion Hydrochloride,137
1808,Betamethasone Valerate,202
1809,Dexamethasone,542
1810,Acontium Napellus,265
1811,ACETAMINOPHEN,753
1812,Naproxen,728
1813,Alcohol,570
1814,Chaetomium,493
1815,"Dextroamphetamine Saccharate, Amphetamine Aspartate, Dextroamphetamine Sulfate and Amphetamine Sulfate",608
1816,Cotton Linters,142
1817,Tacrolimus,541
1818,Helminthosporium,126
1819,POTASSIUM CHLORIDE,754
1820,SALICYLIC ACID,541
1821,Megestrol Acetate,589
1822,"Antihemophilic Factor, Human Recombinant",485
1823,HYDROCORTISONE,366
1824,Nifedipine,124
1825,Allergenic Extracts Alum Precipitated,573
1826,Menthol and Zinc Oxide,796
1827,Atomoxetine hydrochloride,366
1828,"Causticum, Colocynthis, Cuprum metallicum, Magnesia phosphorica, Phytolacca decandra, Rhus toxicodendron, Stannum metallicum, Veratrum album,",28
1829,NOT APPLICABLE,106
1830,albuterol sulfate,125
1831,Wheat Stem Rust,733
1832,Borago Nicotiana,790
1833,"OCTINOXATE, OXYBENZONE, TITANIUM DIOXIDE",340
1834,Cabbage,201
1835,lisinopril and hydrochlorothiazide,99
1836,Estradiol,704
1837,Aspergillus repens,696
1838,pantoprazole sodium,375
1839,Benzalkonium Chloride,787
1840,Bupropion Hydrochloride,40
1841,"OCTINOXATE, OCTISALATE, OXYBENZONE, TITANIUM DIOXIDE",694
1842,Lamivudine,90
1843,"Acetaminophen, Diphenhydramine HCL and Phenylephrine HCL",168
1844,Hydrochlorothiazide,414
1845,Carvedilol,773
1846,Neutral Sodium Fluoride,325
1847,"Centella Asiatica, Sodium Chloride, and Silicon Dioxide",384
1848,Titanium Dioxide and Zinc Oxide,719
1849,metformin hydrochloride,232
1850,"Acetaminophen, Diphenhydramine HCl",730
1851,NICKEL,516
1852,IBUPROFEN,773
1853,lamotrigine,264
1854,Iceberg Lettuce,299
1855,"Kali bichromicum, Luffa operculata, Sabadilla",778
1856,loratadine and pseudoephedrine,723
1857,POTASSIUM CHLORIDE,455
1858,PROGESTERONE,520
1859,Aspergillus Mixture,428
1860,Guaifenesin,282
1861,TRICLOSAN,237
1862,Pentazocine HCl and Acetaminophen,52
1863,Acetaminophen,527
1864,Hydrocodone Bitartrate and Acetaminophen,526
1865,Torsemide,548
1866,OCTINOXATE and ZINC OXIDE,574
1867,Escitalopram,707
1868,Panthenol,463
1869,Escitalopram Oxalate,636
1870,CALENDULA OFFICINALIS FLOWERING TOP,266
1871,NIFEDIPINE,751
1872,Octinoxate,385
1873,Water,70
1874,Levetiracetam,32
1875,Benzalkonium chloride 0.13%,724
1876,Etodolac,61
1877,Magnesium hydroxide,505
1878,Benzalkonium Chloride and Lidocaine Hydrochloride,386
1879,"DEXTROAMPHETAMINE SACCHARATE, AMPHETAMINE ASPARTATE, DEXTROAMPHETAMINE SULFATE AND AMPHETAMINE SUFLATE",458
1880,Lisinopril and Hydrochlorothiazide,544
1881,Baclofen,437
1882,lidocaine and prilocaine,420
1883,lomustine,133
1884,Salicylic Acid,198
1885,amlodipine besylate and benazepril hydrochloride,178
1886,TRICLOSAN,323
1887,"Octinoxate, octisalate, and zinc oxide",704
1888,TITANIUM DIOXIDE,633
1889,Octinoxate and Oxybenzone,684
1890,metaxalone,407
1891,Cefazolin Sodium,113
1892,LIDOCAINE HYDROCHLORIDE,595
1893,Nimodipine,524
1894,OCTINOXATE,598
1895,Lamb Quarters Chenopodium album,330
1896,Water,64
1897,MAGNESIUM CITRATE,659
1898,Candesartan cilexetil,351
1899,Valproic Acid,174
1900,FERROSOFERRIC PHOSPHATE,21
1901,Levothyroxine sodium,568
1902,lisinopril,275
1903,"Menthol, Methyl Salicylate",20
1904,Terbinafine Hydrochloride,385
1905,Misoprostol,450
1906,Potassium Chloride,6
1907,"Ribes Nigrum, Viburnum Opulus, Quebracho, Arsenicum Iodatum, Blatta Orientalis, Naphtalinum, Pothos Foetidus",673
1908,ST JOHNS WORT,676
1909,FELODIPINE,463
1910,"Vitamin A, Ascorbic Acid, Vitamin D, .Alpha.-Tocopherol, Thiamine Mononitrate, Riboflavin, Niacin, Pyridoxine Hydrochloride, Folic Acid, Cyanocobalamin, Biotin, Pantothenic Acid, Magnesium, Zinc, Selenium, Copper, Chromium, Molybdenum, and Iron",615
1911,"Aconitum napellus, Arnica montana, Baptisia tinctoria, Berberis vulgaris, Cactus grandiflorus,Chelidonium majus, Echinacea angustifolia, Ferrum phosphoricum, Hepar sulfuris calcareum, Urtica urens",137
1912,Hydrocortisone,97
1913,Ibuprofen,441
1914,Sodium Fluoride,601
1915,Bupivacaine Hydrochloride,301
1916,CLONIDINE HYDROCHLORIDE,104
1917,"OCTINOXATE, OCTOCRYLENE, and TITANIUM DIOXIDE",680
1918,GRAPHITE - SEPIA OFFICINALIS JUICE - SULFUR - THUJA OCCIDENTALIS LEAFY TWIG,137
1919,CONIUM MACULATUM FLOWERING TOP,563
1920,American Beech,288
1921,fenofibrate,559
1922,paroxetine hydrochloride,495
1923,Triclosan,753
1924,California Black Oak,414
1925,"Methenamine, Sodium Phosphate, Monobasic, Monohydrate, Phenyl Salicylate, Methylene Blue, and Hyoscyamine Sulfate",457
1926,Velvet Grass,643
1927,carvedilol,179
1928,CLOBETASOL PROPIONATE,97
1929,PNV Ferrous Fumarate Docusate Folic Acid,177
1930,Mustard Seed,602
1931,Cimetidine,115
1932,Fluoride,512
1933,PYRITHIONE ZINC,689
1934,tretinoin,361
1935,Sertraline Hydrochloride,755
1936,Warfarin Sodium,759
1937,methylprednisolone acetate,74
1938,Spironolactone,493
1939,"Tartaremetic, carbonate lime, vegetable charcoal, pure flint, sulphur",303
1940,Oxymetazoline HCl,597
1941,Lidocaine Hydrochloride,286
1942,HYDROGEN PEROXIDE,582
1943,olmesartan medoxomil,29
1944,"Avobenzone, Octisalate, Octocrylene",542
1945,NITROGEN,609
1946,tacrolimus extended-release capsules,365
1947,ALCOHOL,621
1948,Sodium Monofluorophosphate,588
1949,Magnesium Sulfate,293
1950,Ibuprofen,591
1951,Dextrose and Sodium Chloride,696
1952,pyrimethamine,109
1953,TETRAHYDROZOLINE HYDROCHLORIDE,530
1954,Minocycline hydrochloride,26
1955,Acetaminophen,120
1956,Valacyclovir Hydrochloride,172
1957,Sertraline Hydrochloride,424
1958,penicillium chrysogenum var. chrysogenum,573
1959,oxymetazoline hydrochloride,271
1960,isosorbide mononitrate,752
1961,RUMEX CRISPUS WHOLE,419
1962,Fluconazole,645
1963,Miconazole Nitrate,306
1964,Metoclopramide Hydrochloride,526
1965,carbamazepine,175
1966,DIPHENHYDRAMINE HYDROCHLORIDE,565
1967,Povidone Iodine,223
1968,Menthol,140
1969,Sulfur 6 Special Order,271
1970,"ENSULIZOLE, HOMOSALATE, OCTINOXATE, OXYBENZONE",517
1971,Digoxin,430
1972,gentamicin sulfate,122
1973,Epinephrine,180
1974,Octinoxate and Oxybenzone,336
1975,Venlafaxine Hydrochloride,424
1976,METFORMIN HYDROCHLORIDE,758
1977,Scrub Pine,212
1978,Nicotine Polacrilex,381
1979,Sterile Water,477
1980,Triclosan,521
1981,Felodipine,261
1982,thioridazine hydrochloride,601
1983,Alcohol,112
1984,Lamotrigine,494
1985,Benzalkonium Chloride,349
1986,clobetasol propionate,232
1987,Sucralfate,122
1988,Acetaminophen,391
1989,Levothyroxine Sodium,85
1990,MESALAMINE,663
1991,Paroxetine,619
1992,EPINEPHRINE,739
1993,Risperidone,550
1994,Tc 99m Sestamibi,591
1995,"OCTINOXATE, TITANIUM DIOXIDE, and ZINC OXIDE",2
1996,"Octinoxate, Octisalate, and Titanium Dioxide",776
1997,bexarotene,543
1998,Cetirizine HCl,292
1999,Hydrochlorothiazide,114
2000,Treatment Set TS329526,755

